-33.452687510458,-117.227770244002
-30.5000560228356,-116.769124115665
-27.5480095972805,-116.321761647683
-24.595512314999,-115.8663580653
-21.6428328456141,-115.422846583911
-18.6899781284976,-114.970522494402
-15.7368634690314,-114.53058465296
-12.7834933662533,-114.081521656099
-9.82954544113064,-113.644653707175
-6.87603700260339,-113.198899537378
-3.92195167043162,-112.764685104231
-0.968454858559259,-112.322164291923
1.98815257853249,-111.890157025103
4.93363946983406,-111.451670481551
7.92178960430613,-111.018320264156
10.8434732547831,-110.595290857777
13.8072277691594,-110.157812832393
16.7598683296079,-109.732852970385
19.7155507925426,-109.298818539841
22.6711249993357,-108.875503421587
25.6247773588956,-108.444044485703
28.5872903452934,-108.022473126845
31.5148885794017,-107.597636685115
34.4774695544195,-107.171183367235
37.43471429697,-106.749220328652
40.3768228301338,-106.334247098647
43.2894402547217,-105.918417003219
46.2353263794169,-105.494451768007
49.1751885690489,-105.077171861313
52.1081494313137,-104.656897966799
55.0729704830945,-104.237736395249
58.013401662521,-103.827175245008
60.9224710578031,-103.415974158666
63.8881050671092,-102.99084827835
66.8553588703988,-102.579295791088
69.7564506656136,-102.170336469497
72.7250987547844,-101.744345518528
75.6872303258214,-101.331647653673
78.6100712224991,-100.916590221295
81.5988982370912,-100.49300803653
84.5536742831252,-100.085286296688
87.4857723634595,-99.6715810727711
90.4484085800556,-99.253499040221
93.4036399568897,-98.8364203962883
96.3584488632165,-98.419404901934
99.3174321231533,-98.0012674901132
102.273745548595,-97.5846665888589
105.249011360206,-97.1636670081731
108.202238058766,-96.7555301859789
111.133524663837,-96.3403425361439
114.103788985843,-95.9204491209327
117.050341361003,-95.5021947057857
120.008494751407,-95.0818068267758
122.971432023842,-94.6615899628679
125.919253734151,-94.2417313330919
128.878422027704,-93.8193727241696
131.834433913096,-93.3984691652234
134.807299640515,-92.972769917437
137.76437554122,-92.5587106882247
140.701856150909,-92.1383196517405
143.656289408727,-91.7129251868059
146.610708217268,-91.2870278966151
149.57511812348,-90.8600204116109
152.524265654628,-90.4340881539898
155.480083285994,-90.0063549582326
158.441857580826,-89.5784142968413
161.388843291444,-89.1504781039767
164.344768204023,-88.7202013886517
167.306079998585,-88.2900041846438
170.252704774768,-87.8594930832466
173.208356145945,-87.4268306686271
176.168910847464,-86.9941173777921
179.116599420311,-86.5610215160585
182.066654885752,-86.1268661737193
185.022949964836,-85.6908734768849
187.983783671198,-85.2562881243728
190.92746331107,-84.822878179475
193.883603432563,-84.3899407405685
196.845286812439,-83.9625190597246
199.793124899952,-83.543150790767
202.744593201172,-83.1306349412568
205.686022349924,-82.7340439237367
208.579590076387,-82.3520606737741
211.428567219572,-81.9925961416853
214.245765725175,-81.6476074594533
217.00957973599,-81.3186828133851
219.725748735775,-80.9874866273448
222.427353918947,-80.6220653801896
225.084833588977,-80.2128172078709
227.719857781225,-79.7231756824357
230.333742653102,-79.1265984659837
232.907247385593,-78.3956337145451
235.41539081988,-77.4946418400004
237.828212076256,-76.3820001681498
240.126040652573,-75.0590768153849
242.275709223119,-73.4954965746431
244.274518453098,-71.7801916131022
246.063476771292,-69.8594830910062
247.741788989403,-67.8488553820953
249.148170090017,-65.6501595293947
250.500292228895,-63.3779131140195
251.493987666332,-60.9239890668065
252.443465718475,-58.468644903695
252.953736171186,-55.8620496233359
253.41762102933,-53.2371588313287
253.475505448698,-50.5807244438741
253.433036909969,-47.9432961810582
253.026590076733,-45.292407026162
252.565532873752,-42.6990428488974
251.900669285301,-40.1226416427007
251.237393062179,-37.6093460859573
250.556091719792,-35.0530142615991
249.885542817721,-32.4948522731644
249.227490193204,-29.8572024569553
248.571382354448,-27.1343633389065
247.920329527901,-24.3776038176864
247.254404327437,-21.5461544175115
246.571310073207,-18.6642386528781
245.880483826374,-15.7743473753798
245.172770796289,-12.8784269398492
244.449924847255,-9.9347530573611
243.740601095361,-7.02729470310711
243.02086935784,-4.11083529906329
242.307574707215,-1.19642275286278
241.590726719408,1.71875687000961
240.885642094587,4.6375280305438
240.180486172251,7.54958427133052
239.485231734576,10.49256429484
238.804037083002,13.4131649583534
238.131292134739,16.3148924383874
237.452435255817,19.2436797679946
236.783697573606,22.172157593741
236.122429637338,25.0753785055143
235.452776362382,28.0059096905785
234.793513530539,30.9368590625333
234.1383004436,33.8404015671277
233.474497027212,36.7720808499982
232.818204783982,39.7011495243584
232.163447856012,42.6108204174175
231.504064369274,45.5189069165597
230.835020878846,48.4531667347081
230.175335821764,51.3592787567144
229.50094832415,54.2644295365014
228.823834771704,57.1967656496684
228.148378762754,60.0944345977564
227.461384079322,63.0196516790645
226.776754254035,65.9430049152932
226.092762865945,68.8415724483632
225.394492255788,71.7629794447377
224.69850332671,74.6865892269128
224.001847839571,77.5752993382989
223.28512507216,80.5185189573075
222.588545790609,83.4336217154303
221.884406683423,86.3262294642482
221.180409960548,89.2599032453115
220.493476037902,92.1355933737089
219.794912268148,95.0433352592197
219.110227738127,97.9697350885837
218.442288509325,100.873821845701
217.782009768289,103.787792266955
217.141212775358,106.700957440173
216.515209916558,109.612250711885
215.91230466558,112.489368153249
215.323483636339,115.324006283308
214.734448478424,118.135404592581
214.15274664327,120.910408925374
213.571207117706,123.609089810001
212.944629701183,126.3270655124
212.305429565878,129.033426854529
211.608457549998,131.716805404173
210.878564668432,134.395343802934
210.035272586321,137.087794177543
209.157422122852,139.740531703035
208.149737636673,142.341645684691
207.032621477684,144.948840385751
205.797626782549,147.470316128716
204.433159491223,149.920079835075
202.923949566807,152.288534917349
201.276392756035,154.569235987736
199.509376446599,156.76158654126
197.638931466712,158.834777521814
195.654491979993,160.836417053902
193.587085778795,162.716386318871
191.429029800188,164.516409996153
189.162738200849,166.2022309929
186.869123654308,167.785193369881
184.444008472569,169.210285859349
181.990753938624,170.580316213193
179.450651639575,171.746967393935
176.889554166806,172.863017737308
174.277813519432,173.84195842931
171.659351366458,174.774361202294
169.034463060356,175.63575163598
166.422089637645,176.457563330902
163.757202681357,177.280126014343
161.127912322556,178.102122424052
158.520274233406,178.915800958382
155.848326010528,179.760613024751
153.167494360389,180.622927636051
150.434753591398,181.507828297773
147.687767937398,182.408140616511
144.933635148369,183.307466397708
142.130226422936,184.21549382896
139.298910652667,185.131121297906
136.447731119971,186.04595236307
133.60752262602,186.956535073048
130.736084735474,187.856146228182
127.84707415355,188.767805612139
124.936191527114,189.67227801619
122.010015762973,190.592365314295
119.086116898698,191.504129639135
116.151382655286,192.427134058878
113.221707366362,193.346794049972
110.261717008648,194.287109714327
107.313507706224,195.245443815762
104.394852452552,196.205056247256
101.453285737651,197.20213562241
98.5315625049444,198.225749424477
95.6134652847604,199.297196746387
92.7069884359043,200.428740102539
89.8349553940434,201.603542369893
86.9841637092583,202.859212671036
84.1619200867798,204.164678031116
81.3692987803611,205.586223310424
78.6366440387357,207.091213111192
75.9444157277565,208.677128819372
73.3069825259532,210.360644527714
70.7124742057836,212.097777719047
68.1499314668245,213.928840788753
65.6570310549211,215.804654963463
63.1769514469199,217.720516209284
60.7312259115129,219.701111473808
58.3203718098803,221.693613873677
55.9433796144499,223.748469382328
53.6112796458954,225.843104798271
51.3035577561795,228.007363441843
49.0664129326835,230.223878402669
46.871561489245,232.501134752684
44.7532780965672,234.838231335014
42.7042324602412,237.238111964467
40.7048079070009,239.690611364598
38.7774003442338,242.193516496879
36.8980893296326,244.753350794587
35.0964296666933,247.336675718292
33.3502727021364,249.966908531099
31.6466988770237,252.648315229111
30.0170905649162,255.349403525351
28.4378435584008,258.081702522807
26.9175026812013,260.858289607144
25.468893683557,263.675608540056
24.0737898774245,266.515364731453
22.7526491817434,269.404267838931
21.494590503897,272.303428933089
20.312143211099,275.236392952697
19.2068691517375,278.200398315896
18.1638789095874,281.201895318921
17.2116957945877,284.219830653132
16.3251636173394,287.259145655021
15.5296056859874,290.327587001228
14.8153350624289,293.405308678295
14.1680254260395,296.514392381228
13.6043003278211,299.617413383113
13.0974817676684,302.746426405278
12.6722112091268,305.870281396592
12.3129026137432,309.010068645702
12.0139216884508,312.152379392976
11.7933372938176,315.305179861905
11.6298540690895,318.455422202986
11.5656395588506,321.604547078886
11.5814018662442,324.763076933885
11.6783860017146,327.90435949513
11.8806476687502,331.053535623879
12.155240555233,334.183323868805
12.5492751428805,337.298933844376
13.0239942991754,340.406741090256
13.5702249975265,343.496638070128
14.1922427503019,346.562325850035
14.8574562318902,349.60170273219
15.5837087979662,352.633275870681
16.3493247659289,355.644608421332
17.1449250035272,358.643129706717
17.9728114160574,361.609930031708
18.8168469467641,364.564859906843
19.6854480125077,367.507407524618
20.5700999623863,370.438094689436
21.4615360453822,373.332867572006
22.3608954984942,376.232072060972
23.2649749952218,379.109264455906
24.1664761857139,381.967530772726
25.0663064870957,384.823099700384
25.9626357210757,387.676612508458
26.8529792949926,390.528426640806
27.7340038958775,393.376887376917
28.6005757090758,396.225478340857
29.4535211779117,399.068341411323
30.2881273034605,401.924364974865
31.1037770122301,404.763394326179
31.8988259090971,407.621057864905
32.6773669316714,410.474748738217
33.4402203343758,413.328261570784
34.1893244907788,416.193270573526
34.9268876950261,419.05621055849
35.649607886088,421.91485793495
36.3633744945175,424.781293651642
37.0600746099682,427.644861350454
37.7391642964414,430.512399192691
38.4003301202601,433.391619412304
39.0407400771154,436.273408500058
39.6593021705518,439.148585735383
40.2492117950483,442.03358231789
40.8157439275059,444.919827294588
41.3483693138435,447.81481972937
41.8515187164522,450.711391223898
42.3208466944635,453.619290695732
42.7558162651554,456.527464467818
43.1642227215763,459.449664368167
43.5402477336983,462.358380306545
43.8912415449205,465.288452996916
44.2148830865974,468.213842129474
44.51706526442,471.143012526084
44.7927345068646,474.077530936252
45.0478659354325,477.010594012922
45.2818577466616,479.951794210425
45.4929176723037,482.887614189454
45.6841432908125,485.830624894594
45.8471772808663,488.774114941742
45.9884169101257,491.721852762378
46.0989134487943,494.666288113711
46.1812346175601,497.622281781457
46.2319941752116,500.57137395686
46.2489872803688,503.517964492554
46.2366326448635,506.475653446396
46.1900962166086,509.423881888422
46.1177436049822,512.380116476574
46.0137034708379,515.32630091378
45.887158962768,518.283755233149
45.7346117644155,521.238980085851
45.5581796039701,524.18240118316
45.3634188935188,527.13684100504
45.1497333272808,530.08103816545
44.9212774112814,533.03305792109
44.677220614862,535.974318074522
44.4211740695936,538.917029096933
44.1525340640769,541.868448007979
43.8714492918087,544.809781246693
43.5811873941281,547.749751862833
43.2781434333141,550.6919305316
42.9676733266769,553.634980442076
42.6459697717444,556.574295047307
42.3154257082683,559.514777420367
41.9756214737512,562.449060085269
41.6269827433261,565.393695420443
41.270955002471,568.334479889172
40.9064489235907,571.272163207002
40.5368940417012,574.21557476639
40.15996974412,577.147511701649
39.7780108445219,580.088374503093
39.3929740897958,583.035522835359
39.0051351639608,585.969529924963
38.6157878030477,588.902820795505
38.2247174967043,591.833788170333
37.8350591071033,594.757076113026
37.4466488134565,597.687893307469
37.0602823571087,600.614143972628
36.6765286800941,603.537421959856
36.2965101867069,606.475515425561
35.9209119102018,609.404279681555
35.5488902930437,612.342537702312
35.179531950304,615.290450484995
34.8145364604545,618.243907237981
34.4523735784387,621.199847537485
34.0917953931901,624.163688072394
33.7347836587258,627.133215348551
33.3797641790741,630.101370461364
33.0275858538522,633.066037590679
32.676087367386,636.045391021117
32.3261560558989,639.03119151517
31.9779850990433,642.008773019391
31.6312497925799,644.986001729045
31.285022795198,647.962302556388
30.9395855006714,650.939396784599
30.5939894927754,653.922847944257
30.2501081974525,656.887860227951
29.9035754741999,659.859738378944
29.558803924978,662.832740367735
29.2115921529587,665.795158156961
28.8646067079555,668.768925994855
28.5165170610003,671.726861781365
28.1663236047252,674.698888252491
27.8155803161229,677.6579532198
27.4637948638949,680.622269515575
27.1102428943876,683.589561870763
26.7552284215441,686.549802043336
26.3976602519436,689.52285089991
26.0407200933323,692.478945259361
25.6800510170575,695.440138944653
25.3181079481847,698.408529722647
24.953970569777,701.370088783451
24.5888377389527,704.338979033606
24.2214960357055,707.295359958585
23.8506942563765,710.26454683678
23.4788232191911,713.221739638488
23.1047775727571,716.181039037287
22.7274846788635,719.145641897521
22.3487966960301,722.105074434142
21.9678778818085,725.067178489586
21.5852079148841,728.016436281171
21.199194107473,730.973378587101
20.8134020143839,733.932868893459
20.4260270493446,736.876674672915
20.0363707316617,739.831802532618
19.6482351076358,742.788949580191
19.2594398044769,745.729824987473
18.8700210588014,748.677595893539
18.4821110568808,751.618114195408
18.0941297039103,754.558423805932
17.7086298651718,757.494656032364
17.3248882830345,760.41962081016
16.9427835887846,763.33716045377
16.5643124789313,766.256850143641
16.1891445266839,769.151346834026
15.8164045571834,772.040865490722
15.4436569057335,774.93353724878
15.0697947473912,777.797512594249
14.6840095152008,780.66508822709
14.2811134581133,783.520652753572
13.8504553052232,786.352488786236
13.3936481423175,789.180987319571
12.8833411092559,791.975106210965
12.3498157680322,794.760584838011
11.7281398022216,797.512370387889
11.0887889634658,800.244000466847
10.3220878076254,802.921449507245
9.51008659646559,805.572677766363
8.52169984235482,808.141517877281
7.45310225785079,810.655685812308
6.15933429753295,813.030081671177
4.7763129882995,815.325760222484
3.18968765206045,817.432874639215
1.49654313696574,819.420620461898
-0.326860139121677,821.251680955482
-2.21185089119078,822.921089896485
-4.18452324112985,824.441357420361
-6.18314592683734,825.8720579228
-8.23758983371099,827.130309670149
-10.29190460731,828.324160638189
-12.5286499171528,829.228551568887
-14.8145634281858,830.013169313876
-17.1856449355147,830.423158984381
-19.6809523918014,830.622222320204
-22.1347775687478,830.386953056718
-24.5792951489666,829.869707624483
-27.0067159368306,829.010614306738
-29.2930158148968,827.853304078596
-31.4884496004685,826.50167360104
-33.5864769475261,825.042513895893
-35.5290642584781,823.392907099683
-37.3489071561967,821.57585655908
-39.0614285078775,819.628588622504
-40.631532830439,817.550568268841
-42.1262724434991,815.402057814452
-43.5068508784559,813.144284180356
-44.8128241255354,810.820359376697
-46.0061507744523,808.408556131744
-47.120153897343,805.931679615416
-48.1489477475624,803.385424468326
-49.101880703228,800.776533797109
-50.0048831076423,798.125874647772
-50.8439783591848,795.442468639959
-51.6679881080959,792.725562120668
-52.4710327071286,789.985722242646
-53.2814409413287,787.230546817729
-54.1259631321641,784.471210088792
-55.0010468082429,781.696727483503
-55.9265101300309,778.939657472812
-56.8822019653432,776.153653633309
-57.8598399998778,773.379419308812
-58.8397327880996,770.577665536707
-59.8231271264157,767.772527137036
-60.7661823632426,764.942817786797
-61.6868120704899,762.10744186593
-62.5466940969981,759.254653531997
-63.359784875459,756.371167816432
-64.1323074338544,753.494533888763
-64.8467966923462,750.598685124517
-65.5468215014397,747.686163823612
-66.2021105726472,744.779690510921
-66.8462845028903,741.860923287787
-67.4733587760146,738.938373075341
-68.0951865688982,736.006422116919
-68.713164226338,733.088360095333
-69.332145241771,730.168398558148
-69.9592092632538,727.2352827905
-70.598231557482,724.326571172564
-71.2502556674523,721.411503869979
-71.9248259406761,718.495507715475
-72.6286166428435,715.583099214325
-73.3505447764616,712.684750534201
-74.1162007444259,709.780613092927
-74.9001094594672,706.880407076206
-75.7182158010162,703.992827831541
-76.554844325757,701.103074931625
-77.4141937130191,698.217584470376
-78.2950280838181,695.332748881642
-79.1881689578455,692.458413304621
-80.1007241188165,689.59607852771
-81.0210916253301,686.733602585347
-81.9579348982178,683.869376294149
-82.9008566768918,681.020063993816
-83.8502912002058,678.174444615963
-84.8083169681241,675.32815227833
-85.769115142851,672.484721384376
-86.7333944169772,669.644311822736
-87.7006897055797,666.79537722232
-88.669421191573,663.955781738316
-89.6318520573397,661.127603313235
-90.5945794373798,658.281974795421
-91.5567266172392,655.433895538159
-92.5128053369291,652.607643084231
-93.4674725880357,649.765629111275
-94.4234928402287,646.925256323611
-95.370489323574,644.095853438385
-96.3277511493591,641.244782194289
-97.2768552516602,638.419074720083
-98.2286859110552,635.580289559877
-99.1846429324752,632.744233925401
-100.131096862355,629.91859580894
-101.098042059985,627.059904217121
-102.064957566681,624.235072055538
-103.017379035883,621.426700364836
-103.983230901019,618.578244155985
-104.956733386617,615.750362202418
-105.924343018931,612.93110330788
-106.895476567327,610.103663785751
-107.868017013108,607.272896186727
-108.839534926599,604.455891302407
-109.809040879292,601.635989530407
-110.783175583197,598.802604349786
-111.75361025831,595.990184850466
-112.728111262585,593.155380467756
-113.711372692091,590.323093499037
-114.677464157411,587.520982098285
-115.647208141457,584.695215687574
-116.616153890333,581.866424574299
-117.587546541362,579.036040574669
-118.56173084057,576.207329227719
-119.519735202327,573.400364400545
-120.477513942805,570.570970275072
-121.432379141903,567.737941763449
-122.38742629463,564.900927564899
-123.340776067643,562.071532202763
-124.279309162299,559.243045729216
-125.214204793751,556.410954423433
-126.141258694437,553.576089905172
-127.06493677998,550.731616644147
-127.988698007308,547.884744115614
-128.914848137,545.046189013176
-129.831303541835,542.210894021325
-130.753987740953,539.373359504172
-131.679192529327,536.543182142529
-132.62121268896,533.685174374436
-133.577340405445,530.862143925787
-134.532730353496,528.045772706103
-135.508064110173,525.223871667811
-136.495011707043,522.414333501662
-137.504373252785,519.578187632937
-138.524544883078,516.779669935293
-139.538344207933,513.969099276819
-140.560912182173,511.15440623402
-141.570457448498,508.332175242853
-142.579104954387,505.504335398258
-143.557723335591,502.69214985476
-144.524426453843,499.852332894619
-145.473146231564,497.022605528516
-146.395652496033,494.182442265013
-147.321822341464,491.333301686723
-148.225325940727,488.505814919119
-149.11962856241,485.656026879838
-150.025613512197,482.789744277587
-150.923995791928,479.952463862487
-151.826014158156,477.106300712875
-152.734896386663,474.259205844997
-153.653482326957,471.410590987881
-154.582465890125,468.579611018181
-155.519982388172,465.748336909282
-156.472928031658,462.909563385233
-157.432694560979,460.089939409826
-158.39859794707,457.266502589977
-159.372708659349,454.441287754475
-160.351323909838,451.613070038497
-161.331341239393,448.79943263777
-162.309981137034,445.982030487136
-163.291269466481,443.153092168673
-164.268113204787,440.338847966492
-165.238499277101,437.518383978062
-166.205850737282,434.685081487235
-167.165410068606,431.863892580846
-168.113951327954,429.039967665248
-169.066230362405,426.186713555881
-170.01717346616,423.36063020985
-170.948463445277,420.539876591184
-171.884837085566,417.697963088157
-172.819858702789,414.855995495212
-173.754612954098,412.02668205244
-174.688974481266,409.194435772024
-175.62997776079,406.351644527276
-176.573209402167,403.525977673209
-177.51975639181,400.697655144902
-178.474115863108,397.859693918117
-179.432455747194,395.038053141208
-180.390630153311,392.217793452262
-181.362721412796,389.370573217236
-182.341614892128,386.553617231917
-183.307154156712,383.746764363229
-184.285531416191,380.912707039682
-185.262532221756,378.099553904083
-186.240694262437,375.281693208768
-187.223970808795,372.453431001748
-188.206977174782,369.641253860823
-189.189359824993,366.824958859824
-190.175766311626,363.998053266339
-191.160890022323,361.185551278172
-192.14190854654,358.3726588866
-193.130602916341,355.531901921729
-194.121095642327,352.719348816141
-195.093211309039,349.912100523815
-196.068761525525,347.08357233185
-197.040674484406,344.254255526368
-198.005810883405,341.435302390037
-198.965642897855,338.611397395323
-199.923686235722,335.774716976283
-200.876864998403,332.952412433109
-201.824725253905,330.124265498109
-202.773381666858,327.284439148963
-203.718445069874,324.459287172703
-204.659102140245,321.629027889144
-205.603170100341,318.786542486112
-206.542878816032,315.963472813888
-207.486268880041,313.119578949401
-208.439342969117,310.277568551156
-209.376900331116,307.464830836474
-210.319760423004,304.629636634889
-211.265142777792,301.795723527334
-212.213919324198,298.95709986747
-213.164289238588,296.133426412178
-214.114661352489,293.306590642898
-215.07129178465,290.468784164202
-216.027801251337,287.649109779299
-216.986004050603,284.819114993354
-217.94285394063,282.002797089985
-218.896515559977,279.169450294896
-219.865487622858,276.337319113169
-220.828022871836,273.518511251607
-221.797391707978,270.684242436112
-222.765759396554,267.867900969754
-223.733863001041,265.044826659628
-224.704516622834,262.219531027896
-225.678568254811,259.385785859085
-226.646687367867,256.582944026365
-227.608298806275,253.762010718908
-228.586931400584,250.921871806366
-229.558753732237,248.102467196325
-230.535594356364,245.268282325821
-231.504378999699,242.465968286291
-232.4657756138,239.644420087583
-233.441831831561,236.805028374644
-234.411643630311,233.979721997967
-235.377807708879,231.161139898437
-236.335002489033,228.34015282483
-237.298793482576,225.515802627235
-238.248516919884,222.689440896334
-239.213623506951,219.841865956538
-240.162741187994,217.028732437765
-241.107503971354,214.187041960538
-242.056016598921,211.36417587772
-242.987181193628,208.533693464545
-243.929968887306,205.691527231465
-244.84722537405,202.870105193903
-245.773506860093,200.013691808489
-246.698897446942,197.172096622669
-247.605371136426,194.345724201
-248.520622275806,191.485407034982
-249.436727009992,188.641616241456
-250.338203615557,185.810015848325
-251.243712072354,182.961092074021
-252.148239285671,180.11697887626
-253.053670653791,177.271429338904
-253.960268456019,174.428061394884
-254.869932484058,171.580275120045
-255.777705068662,168.751982129209
-256.68229243109,165.909950933375
-257.607551892827,163.056519300336
-258.525669369672,160.227046649457
-259.449096234165,157.381937681918
-260.387971435611,154.545159819782
-261.314208611409,151.732450625843
-262.259978280422,148.890296741196
-263.210957923065,146.058328163538
-264.170549729216,143.241361028003
-265.138258994843,140.40993599288
-266.114775613699,137.5880062999
-267.091956816475,134.776986332184
-268.069598468171,131.959293176434
-269.06336646994,129.134101418122
-270.044592736871,126.335906954398
-271.033935895033,123.515841140749
-272.024578377684,120.697592310711
-273.019946853379,117.871025836867
-274.009497404551,115.072213310145
-274.988818191715,112.267431873522
-275.970913671444,109.444389408574
-276.952908984926,106.621337142155
-277.925176648601,103.813749471083
-278.886545665347,100.990232064902
-279.848448047553,98.1626064160539
-280.801903548713,95.3337374219731
-281.750347852651,92.5110221314702
-282.676871903233,89.6855979497029
-283.605253901014,86.8420419555163
-284.516917129309,84.0102547651704
-285.411167419094,81.1744574089688
-286.300798454033,78.3192648011958
-287.172435772156,75.4740849526525
-288.027532891599,72.6257819626781
-288.869653521526,69.7564848879114
-289.701824924074,66.8984710219185
-290.510975765904,64.0362705690138
-291.31800136191,61.1560476140821
-292.112825603832,58.2881361781625
-292.890130303305,55.4175352045025
-293.66737477212,52.532316708998
-294.437418736876,49.6432660566743
-295.200258790751,46.7699685297614
-295.955204929492,43.8746030645443
-296.713509267908,40.9949450935305
-297.449084977779,38.1200404839084
-298.206014180878,35.2047053157029
-298.950675446513,32.3336054346804
-299.694664871576,29.4366872366713
-300.450587907811,26.5417045605163
-301.194040991991,23.6679360718455
-301.949805503388,20.7685756978835
-302.702621166074,17.8970900025675
-303.457344159236,15.0106150582973
-304.233634580335,12.1027532771357
-305.008033769085,9.24196823963285
-305.78712308037,6.35504980768453
-306.585451435166,3.47662403452507
-307.381143026724,0.606637232752141
-308.203648268073,-2.28984680691593
-309.022982163163,-5.1374857108793
-309.844973572914,-8.00859217642237
-310.690147568693,-10.8856411810576
-311.541037521543,-13.763052128394
-312.403737345224,-16.6213313059915
-313.261335616098,-19.4761277651635
-314.137663465079,-22.3473965991246
-315.017147403705,-25.2109974615351
-315.909738050816,-28.0790574215465
-316.799460613533,-30.9226545979865
-317.69451058494,-33.7822477553398
-318.605154950963,-36.6580739151451
-319.517067840979,-39.5056209855753
-320.434620276135,-42.3774273533845
-321.363825364187,-45.2279859456579
-322.277001872205,-48.0720134719711
-323.220573054596,-50.9577229584615
-324.153434302596,-53.7933186092353
-325.089618890541,-56.656840991454
-326.03984940184,-59.5161359038191
-326.977170630858,-62.3553388346595
-327.926552229742,-65.2139990163702
-328.880224240415,-68.0702396355158
-329.833763584324,-70.908284621052
-330.786906451663,-73.7548871716003
-331.741975662016,-76.5846535895538
-332.68476283043,-79.4097938636634
-333.644505868384,-82.2581521519316
-334.59535579719,-85.0789597194494
-335.555477447065,-87.925191226138
-336.520085553551,-90.7543744976144
-337.469096194584,-93.5658854717257
-338.425064859141,-96.3983785736174
-339.379175415796,-99.2267414501125
-340.33241127196,-102.054414611765
-341.285076876826,-104.886798187837
-342.23738264247,-107.718497807894
-343.18753930244,-110.547973111057
-344.136834862226,-113.380149142621
-345.082934778774,-116.206782490527
-346.035453544896,-119.055504447893
-346.991093701768,-121.887519487936
-347.930147126866,-124.702449543646
-348.876147064606,-127.539463277443
-349.820007431621,-130.370622201237
-350.764419126121,-133.20336740155
-351.708870547868,-136.035617633175
-352.65383712636,-138.867827074356
-353.599254403822,-141.699810245438
-354.545659776937,-144.531590352664
-355.493140073971,-147.362503327683
-356.442324954205,-150.194665493046
-357.390977099685,-153.020113015726
-358.349263830742,-155.868065724995
-359.313400208755,-158.697111887591
-360.26303414064,-161.507152711274
-361.223300791833,-164.339524444483
-362.18451628671,-167.164570651005
-363.148581724216,-169.990506244426
-364.115324313957,-172.815006389627
-365.083809440362,-175.639037326677
-366.053038032705,-178.462770538047
-367.021895263003,-181.286653679556
-367.988566251142,-184.111252422071
-368.951507277409,-186.937303441434
-369.910017364409,-189.764312800415
-370.862495977552,-192.595595155964
-371.814231774652,-195.436586898398
-372.757939716086,-198.26538714302
-373.677614233616,-201.087000038412
-374.593962299749,-203.934344391784
-375.493045606636,-206.781052413251
-376.382766563074,-209.632806378111
-377.259965882759,-212.488435977181
-378.130487241213,-215.346478546139
-378.996793394503,-218.206100258979
-379.861698434662,-221.065650446248
-380.730103083987,-223.926131621422
-381.602884308197,-226.776964803878
-382.492944266858,-229.652490483454
-383.397092245127,-232.502361242621
-384.294355504321,-235.327128509818
-385.21158662653,-238.173358932071
-386.14336969249,-241.016672906726
-387.074731225073,-243.822750204948
-388.021523415624,-246.651077703154
-388.98053740487,-249.450096311964
-389.928671181351,-252.200837691006
-390.88447410364,-254.936861524726
-391.815183170211,-257.613155543674
-392.696100430933,-260.210872697162
-393.49579085077,-262.74216282247
-394.138024641261,-265.184999514457
-394.690405290783,-267.502138645237
-395.177810094936,-269.741231625395
-395.626747322757,-271.905438925029
-396.164921417963,-274.062330364444
-396.724978878532,-276.348504467534
-396.592415901178,-278.598845111481
-395.538057042598,-280.391597480422
-394.289464735707,-281.999046022464
-392.057759292117,-282.331328242364
-389.858433775299,-282.476898328066
-387.729461953493,-282.31789501298
-385.655196681902,-281.890560806522
-383.58764879955,-281.489543433287
-381.41124923389,-281.107222018475
-379.046316947318,-280.739060635293
-376.403876737481,-280.373310268603
-373.522651980938,-279.999780600684
-370.431738258184,-279.583769897381
-367.208962840465,-279.137788394512
-363.913790815309,-278.670071324881
-360.571963288591,-278.230850663343
-357.185500200188,-277.829532010389
-353.687715636161,-277.489987052534
-350.040016000012,-277.142665862353
-346.112825401642,-276.822059744427
-341.948346259168,-276.973477159192
-338.047588378289,-278.48370052587
-334.655174673275,-280.827023270348
-332.01665071126,-283.886203489209
-329.967472722582,-287.170355776303
-328.334635076833,-290.577302827454
-327.222558651375,-294.091035653157
-326.367168750427,-297.490735735548
-325.58719465559,-300.730368893573
-324.79872657407,-303.820710644318
-324.013185915261,-306.854881587198
-323.254418722533,-309.795588970822
-322.494310955848,-312.701135743682
-321.748426684961,-315.612272042906
-321.008598678168,-318.502158967587
-320.259686586914,-321.392725724558
-319.503776480745,-324.272412710969
-318.719651033826,-327.150907106919
-317.919832705141,-330.048410076232
-317.115018256666,-332.909964172147
-316.297588510341,-335.788002343919
-315.490955059073,-338.650869657746
-314.683362968207,-341.531169255844
-313.91804748932,-344.410181284424
-313.160125596891,-347.283995476095
-312.445979110696,-350.180665248377
-311.740739158828,-353.044743497171
-311.038801122752,-355.92648458101
-310.336397203813,-358.811456880456
-309.629777669766,-361.688813270613
-308.900888330715,-364.5533621293
-308.145967273231,-367.403143941304
-307.34307382325,-370.250257368657
-306.524600635941,-373.081108260472
-305.661348027091,-375.903900959553
-304.772754817211,-378.699792469492
-303.844387436789,-381.487692915253
-302.883590079336,-384.287996100532
-301.90903624332,-387.05798067996
-300.891876818641,-389.819217594744
-299.860712550644,-392.570060970691
-298.792527803384,-395.3105430247
-297.705292818754,-398.061666047108
-296.601736762051,-400.779105291948
-295.47098292306,-403.495902625735
-294.316131955181,-406.209495050012
-293.148457111465,-408.903889316056
-291.951176093599,-411.594483645781
-290.737649553348,-414.29109193257
-289.513256748775,-416.956273097847
-288.265349717255,-419.611007735634
-286.989333034396,-422.27611748843
-285.706404771752,-424.923496119881
-284.401402078856,-427.563441724711
-283.086135411018,-430.179818000688
-281.731787262225,-432.802985589237
-280.374971867728,-435.421468992904
-278.997696536547,-438.010175256979
-277.59784641118,-440.597900248103
-276.178913804422,-443.173599323207
-274.732549214648,-445.74952943615
-273.276371133628,-448.297824749707
-271.788580071521,-450.842076518937
-270.287862179083,-453.361282419888
-268.741557125758,-455.876023525409
-267.188729616786,-458.372959810383
-265.604553430454,-460.846593856083
-263.999656444805,-463.300605081718
-262.355681006568,-465.750498374342
-260.698837867361,-468.178946490917
-259.019129487138,-470.589705664419
-257.31304414575,-472.975803230686
-255.575320644882,-475.365631037997
-253.82838820534,-477.724334217576
-252.058264939252,-480.063916104051
-250.259766875227,-482.402506460952
-248.447543878472,-484.717813406167
-246.608864951308,-487.035807140749
-244.766546396169,-489.324523317241
-242.902399406975,-491.601461425612
-241.013711838115,-493.853358867608
-239.098029886307,-496.102710770098
-237.169072259852,-498.337757571882
-235.229889001073,-500.543441248717
-233.256176051303,-502.750677856053
-231.285108050192,-504.917752333957
-229.27938850995,-507.068683290478
-227.233152219974,-509.224175884718
-225.19585793246,-511.350921586204
-223.127285617629,-513.451522349164
-221.03959952099,-515.548803051618
-218.936398612523,-517.618806255897
-216.810200114415,-519.672865583407
-214.670015576342,-521.713205417439
-212.513451596338,-523.723225779298
-210.327277498121,-525.729192228243
-208.141475792106,-527.703351151136
-205.927284691168,-529.662852908757
-203.685865837607,-531.622283616582
-201.453832691796,-533.545780174915
-199.197006762376,-535.454878347205
-196.918148100619,-537.364633793255
-194.640419480446,-539.254042633797
-192.345862510594,-541.127956197952
-190.055410885486,-542.982433288357
-187.737325009265,-544.84018362896
-185.411696519281,-546.697633906099
-183.091134319468,-548.545115193267
-180.768901055755,-550.37760007769
-178.444288921948,-552.211579296396
-176.099618306491,-554.049960509141
-173.776841137501,-555.879985836047
-171.438156688311,-557.703581485369
-169.087510106266,-559.555931206028
-166.765099651307,-561.374154524051
-164.413525207972,-563.213771935673
-162.082509597073,-565.043045221163
-159.74650134944,-566.863725252742
-157.387664546754,-568.708275906923
-155.047394561573,-570.542035223072
-152.696983270931,-572.379544318905
-150.358643958762,-574.2084774834
-148.011713041102,-576.03834586869
-145.655275185362,-577.877725076039
-143.301645644505,-579.715858641897
-140.949773650292,-581.553597885161
-138.591212696888,-583.398175843931
-136.262498791002,-585.221434449474
-133.909847589114,-587.051129643692
-131.568411134098,-588.886912112044
-129.227630491005,-590.715517028844
-126.891539410843,-592.54878543049
-124.586855592668,-594.349591086487
-122.224445377414,-596.187894517054
-119.895707237606,-598.018440238888
-117.547177465092,-599.843808935972
-115.193966217924,-601.696455254286
-112.864167758152,-603.51753707142
-110.521919712801,-605.352640592989
-108.167319707009,-607.190207936919
-105.831100919755,-609.026477129857
-103.472085183661,-610.865031048078
-101.122840822184,-612.716163250143
-98.7841401002887,-614.543733327815
-96.4317284142751,-616.391206433989
-94.0911909671382,-618.225910004622
-91.7381245773264,-620.072659982962
-89.3928473143,-621.915566384279
-87.0425494846768,-623.76320379058
-84.7085240716883,-625.59947481181
-82.3618960254071,-627.437434202568
-79.9989634510583,-629.299418642201
-77.671088809582,-631.136254706786
-75.3225730591407,-632.980308289439
-72.9740355624516,-634.835630110146
-70.6474406083077,-636.666068254694
-68.286258054986,-638.524053944381
-65.9439584657333,-640.379500385968
-63.613164504721,-642.216908370682
-61.2670969762705,-644.068117319088
-58.9252201145348,-645.916751815388
-56.5822139523111,-647.767882282402
-54.2420988910641,-649.617681991669
-51.8947590044537,-651.473608737713
-49.566285733283,-653.317568527817
-47.2256262863972,-655.160792018955
-44.8686835837909,-657.027778657997
-42.5399654549265,-658.873917674176
-40.2094413757868,-660.712347268099
-37.8533998007742,-662.571228319857
-35.5118449697234,-664.429884413426
-33.1829526794265,-666.2702096331
-30.8376078483271,-668.122979137069
-28.4964949640623,-669.973177770994
-26.1511092223629,-671.827478787812
-23.8203527737032,-673.670492686218
-21.4743536290055,-675.515119977705
-19.1278376562932,-677.37038541771
-16.7945353676471,-679.204975211316
-14.4456906871929,-681.05198216584
-12.1003380049057,-682.894998467089
-9.75032022614617,-684.741760404432
-7.41299503336374,-686.577788304259
-5.06020834657884,-688.414571636635
-2.70813508349143,-690.2608774497
-0.363199107534558,-692.089684498529
1.98263095617367,-693.919616152786
4.34010643279042,-695.745673960381
6.69998250780329,-697.583170928682
9.04798453498062,-699.400756213436
11.4138396845617,-701.229830906094
13.7681834238917,-703.050077724058
16.1295104572648,-704.862429593185
18.487721915077,-706.671582860286
20.8643727114764,-708.477402486474
23.233706038622,-710.284378907083
25.6056166329549,-712.06798419001
27.9989304300318,-713.867976650107
30.3724897224488,-715.639670036197
32.7699912605587,-717.404346959823
35.1675425333969,-719.164640002757
37.5777689440439,-720.907136709632
39.9929250537999,-722.645879691209
42.4153060739259,-724.367420809053
44.8508700651127,-726.085799509497
47.2806593369387,-727.783910980513
49.7308716023275,-729.471749755525
52.1850783862808,-731.158312896665
54.641418720539,-732.821590998715
57.1040068182278,-734.47351535147
59.5826319039873,-736.117438816504
62.0654542694516,-737.755196821769
64.5572786809257,-739.384148603804
67.045256125698,-740.998061562586
69.5499018913508,-742.600487286395
72.0621831140366,-744.204912007908
74.5687287871899,-745.780499084188
77.094290323811,-747.360540852685
79.6218165547463,-748.923705932692
82.1563310479316,-750.485726247428
84.6973628008576,-752.03111926072
87.2422156979453,-753.575360095652
89.7952739762189,-755.101642146682
92.3568239973513,-756.628562108716
94.9087551349491,-758.131152090848
97.4810007011211,-759.62829073815
100.054826484073,-761.120547421426
102.637765788593,-762.598491259975
105.223713263607,-764.077589379289
107.796410519636,-765.525770024241
110.398092555868,-766.973785016857
113.009482027951,-768.423332895439
115.597182989681,-769.845479763483
118.211571549815,-771.267291679978
120.830309024714,-772.688092967706
123.426823117449,-774.082976271769
126.043535118854,-775.466556842178
128.670089122635,-776.853350785409
131.298908882393,-778.228000664088
133.925893366184,-779.595294328661
136.530049880274,-780.935863735269
139.16800633975,-782.278681711462
141.808942812198,-783.622368801122
144.441390692557,-784.951529517955
147.065627688164,-786.266668875898
149.7031358657,-787.577737783447
152.346283308243,-788.882491958347
154.985633665255,-790.182095401496
157.621706541937,-791.465663799173
160.264236543906,-792.745535453034
162.914923113071,-794.019269435481
165.579474307871,-795.290945832441
168.236454158164,-796.55780735341
170.911437918514,-797.821862105002
173.583366391574,-799.081171890548
176.251311430623,-800.32213645661
178.974723447144,-801.586448020078
181.663205138245,-802.837513964832
184.355035389973,-804.073190770818
187.075629852596,-805.316957135149
189.791188639896,-806.552960373757
192.510156001406,-807.78545663583
195.232463926728,-809.01331763867
197.950976851346,-810.234524771138
200.693217659865,-811.460768332903
203.42017316716,-812.685365975177
206.131997612925,-813.888277793582
208.866668603207,-815.096595758082
211.599590838883,-816.300282873014
214.325908873807,-817.49637692206
217.07087069065,-818.692974620818
219.815370126213,-819.889821417866
222.551167670449,-821.079224009981
225.290570556935,-822.267842678556
228.030029082982,-823.454401286277
230.769848275377,-824.640683993433
233.509450422755,-825.827307548701
236.248652501866,-827.01484768342
238.986787987721,-828.204758979339
241.723491561185,-829.397754231156
244.45854318213,-830.594721679193
247.190796340978,-831.796679359833
249.922426786335,-833.004501480261
252.644457675103,-834.216763620233
255.386992745514,-835.446434014768
258.106944217533,-836.686521802549
260.803614820666,-837.918687197476
263.51962817288,-839.170479369746
266.224041898543,-840.43239207962
268.923537145361,-841.705031194055
271.623548745417,-842.992501578781
274.295324682644,-844.279181683242
276.985828873717,-845.571113237442
279.681488149503,-846.879101306579
282.377707309103,-848.179540674421
285.066303947928,-849.472934928868
287.736600003834,-850.73715832523
290.455993885718,-852.002040683261
293.156943498177,-853.246272647345
295.835967632302,-854.451074741217
298.512452858851,-855.611230359729
301.186778856698,-856.73647841744
303.857255965867,-857.82152936428
306.500143168471,-858.880113012633
309.132320577505,-859.950811121897
311.7110537966,-861.077646234674
314.282837354908,-862.271399881411
316.849016491397,-863.534186797844
319.438872228414,-864.759336576319
322.093774960815,-865.817406304346
324.78507646605,-866.695955817145
327.569970352881,-867.240168445531
330.364665581866,-867.656283438934
333.180908340288,-867.867979952214
336.010671810827,-867.981760014888
338.805939098976,-867.954272254059
341.599629367151,-867.795451330725
344.387475205701,-867.499994404557
347.149527796636,-867.074948467328
349.863121862455,-866.527611162142
352.538027667309,-865.860221549144
355.162855523657,-865.0685612405
357.724868604348,-864.160317500684
360.247295720039,-863.111311098417
362.664699713992,-861.951677407291
365.005922909776,-860.662250883451
367.238374697244,-859.269647451337
369.398784045743,-857.774462048129
371.464448007368,-856.204129486726
373.405708946902,-854.594335076366
375.273447261089,-852.899898163153
377.078199027969,-851.168485439717
378.757608557445,-849.411860233037
380.378031632854,-847.618399190827
381.940118173767,-845.769901056271
383.449920679399,-843.881227132833
384.909338240362,-841.924117424908
386.316725547832,-839.918660799245
387.644839401626,-837.869994916299
388.862901300202,-835.820277622246
390.042110394782,-833.630539637052
391.125408472409,-831.418606672625
392.116043758811,-829.174386545059
393.045484522021,-826.832746608507
393.892467544022,-824.494650178047
394.658222383015,-822.120619521017
395.372098026557,-819.669693560093
396.010900090081,-817.250540123387
396.577821117595,-814.753072533821
397.08643319048,-812.24042217657
397.498270643055,-809.704616269401
397.844979627801,-807.110814973284
398.087753651251,-804.544495074732
398.23715188482,-801.924193014334
398.285385209807,-799.27784155051
398.240104299758,-796.652798468569
398.085635846948,-793.992057716572
397.832882708742,-791.337565096269
397.494272658019,-788.719108089731
397.02771023104,-786.083107873321
396.497836426924,-783.457055892166
395.833506383542,-780.85970773102
395.125031671256,-778.275875160086
394.253647777791,-775.697858222403
393.357287577134,-773.119275292078
392.34384519549,-770.626540184008
391.253250774623,-768.087033474648
390.061733026003,-765.590572754261
388.80825192792,-763.121169791541
387.446784431189,-760.696348649108
386.00242478437,-758.326929310416
384.437674965851,-755.989821364994
382.778103210983,-753.740785182221
381.02947934617,-751.567235709688
379.133219552558,-749.454126709026
377.20931425079,-747.410250067996
375.171072433462,-745.472595479953
373.091576343512,-743.551084935508
370.931072053165,-741.731583208753
368.734428286288,-739.926852730089
366.474688240256,-738.224937410756
364.16936839323,-736.569413706567
361.789653807723,-735.029971877798
359.342853631609,-733.565588815354
356.833159706037,-732.228172779212
354.260627410533,-731.019000786536
351.631262135749,-729.928105299698
348.952670868457,-728.977470037598
346.24351221723,-728.11906186748
343.503315627144,-727.384005405836
340.742324024245,-726.714864130807
337.956270624111,-726.147445690277
335.211848693435,-725.638203354385
332.398576116597,-725.208117908946
329.624266767716,-724.804519925831
326.849233357508,-724.482578215923
324.048313776408,-724.176597383664
321.260930703556,-723.927100301746
318.448356116147,-723.695703847233
315.621243844954,-723.489935056142
312.779113362554,-723.300898630883
309.930544687269,-723.127705058031
307.037577237647,-722.966919504178
304.111522367654,-722.799784770839
301.181008309722,-722.632725559057
298.202107839101,-722.45659980487
295.219988959423,-722.262137165209
292.243702505702,-722.052665147276
289.266655101909,-721.832536970211
286.290797466992,-721.596349481365
283.31526499966,-721.354371096799
280.340084955976,-721.098792042422
277.36664282846,-720.838399196496
274.382437767918,-720.570254346053
271.407382882645,-720.296756280839
268.433963626478,-720.01994109306
265.460333794752,-719.739409266796
262.486947221115,-719.458089348658
259.513200499663,-719.176149226527
256.540728479048,-718.895679520387
253.557047004094,-718.617247949591
250.582247656053,-718.343062590838
247.608136093094,-718.071818292525
244.634894228127,-717.808932575216
241.655520244952,-717.548220308844
238.698135437296,-717.295886560361
235.723747724729,-717.056056341356
232.720740604414,-716.809750577704
229.748882898034,-716.569171846696
226.771795827145,-716.330214497731
223.797261827134,-716.096701751598
220.816479360849,-715.863553592446
217.857308162101,-715.634857712285
214.878304280141,-715.415817095801
211.888523804989,-715.187736049198
208.927611832912,-714.97112388898
205.947832626563,-714.752448988651
202.968732592394,-714.533306182934
200.005651449656,-714.312457742264
197.027977295884,-714.099161492794
194.059521905855,-713.882111896937
191.0955515527,-713.671442366035
188.116685345033,-713.455911079674
185.130924911829,-713.23771203985
182.155789298912,-713.017638320502
179.173312178723,-712.799744449447
176.170538398609,-712.577077125624
173.148403649529,-712.347259845533
170.141550470488,-712.11815798204
167.124669669007,-711.896518362559
164.073068450155,-711.667613084639
161.035814968426,-711.4391389861
157.976005363807,-711.212293357825
154.921435136868,-710.980795260591
151.855111740373,-710.756286172039
148.780953520701,-710.527677115142
145.709776072895,-710.308512483656
142.59762709781,-710.073289536119
139.50347667219,-709.818859122107
136.425796649538,-709.527381630216
133.295087729763,-709.198485460786
130.188529444144,-708.736104570889
127.141183476759,-708.223754158435
124.066196489601,-707.589327039771
121.013022667976,-706.800052114411
118.035183107241,-705.936390967205
115.088586481155,-704.836395935099
112.184310661021,-703.644369719416
109.375550731443,-702.278689144321
106.603489512124,-700.827808223826
103.861696449335,-699.290361184247
101.171298596027,-697.66836980984
98.5126531782306,-696.026033816253
95.9004629028808,-694.363106267961
93.273020407832,-692.67740337364
90.6799075490371,-690.975765758038
88.1125282174091,-689.28512935167
85.5377220582078,-687.578663309727
82.9797738632944,-685.881728189482
80.4319363134054,-684.196308186966
77.8795225441315,-682.524172052876
75.3250232552306,-680.859154727889
72.804590570228,-679.22572105216
70.2834388865307,-677.619545313505
67.7836594623852,-676.028711109816
65.2765402963519,-674.452565944359
62.7681429530132,-672.866135627177
60.2606999506759,-671.291041544453
57.7424220920678,-669.697192255478
55.2288864748537,-668.110071422766
52.709187215728,-666.503317241547
50.19545018773,-664.892766525918
47.6879784238643,-663.27257150479
45.1806910848744,-661.645623478232
42.6871777513673,-660.022435579201
40.1865487302052,-658.404970559747
37.6656225014611,-656.766053411663
35.1509761224406,-655.135505950968
32.6250500583337,-653.515073134097
30.0512650003873,-651.882812530311
27.4438622012442,-650.24807838329
24.7896578221011,-648.605426689292
22.1159639420653,-646.939830260205
19.4346779787077,-645.250791181086
16.7473903703533,-643.470570907768
14.1343974618936,-641.585695835965
11.5674177958858,-639.607503070826
9.13756145767682,-637.434311038973
6.85703448084024,-635.136668650058
4.68945554710241,-632.707233129832
2.70518946391018,-630.085403198909
0.855459250977142,-627.38470044499
-0.80111479182069,-624.562171405926
-2.29681778868522,-621.649003277632
-3.66656496087867,-618.677082531313
-4.81240004330565,-615.623123688121
-5.84250551019438,-612.565242703685
-6.73037670195903,-609.464553924704
-7.50571158379945,-606.342229087406
-8.21742873178718,-603.23740999642
-8.8688867362548,-600.140276189824
-9.50671442203261,-597.077879250954
-10.1402889093259,-594.049068514412
-10.7729932273222,-591.058871431495
-11.4033276942341,-588.112589270963
-12.0403619639617,-585.188362927425
-12.6794292774692,-582.274211419274
-13.3234725120829,-579.366116579903
-13.9700605619711,-576.462028854388
-14.6181454704933,-573.563679562293
-15.2662863800783,-570.680492620082
-15.9163009596717,-567.795419958934
-16.5656960800833,-564.907674375158
-17.2146835106763,-562.01845491436
-17.8627607508904,-559.129380570495
-18.5099196128271,-556.230301064417
-19.1569762745387,-553.321409667806
-19.7996119549836,-550.407425574692
-20.4392903112566,-547.499820382297
-21.0737403909968,-544.57809633792
-21.7042205091092,-541.656665372216
-22.3287143189426,-538.733718201534
-22.9485295041433,-535.814878638901
-23.5660749186924,-532.901233192675
-24.179265449628,-529.971153204085
-24.7885543607599,-527.049573778893
-25.4005466564659,-524.095632055202
-26.0291077765487,-521.080193515022
-26.7021634704909,-517.953301595592
-27.4511756834103,-514.646259152199
-28.2788306229664,-511.173834541384
-29.2559876818059,-507.336338694392
-30.0171994927641,-502.983657007658
-29.7994284353662,-498.407424284236
-27.9976109433056,-494.084093403391
-25.0443389286485,-490.530906076994
-21.4617755772328,-488.03411387905
-17.3949998745527,-486.648066616054
-13.4148623425138,-485.841556695765
-9.6515594319846,-485.282393372191
-6.12635042757479,-484.804198207063
-2.79484980861397,-484.358510209556
0.41912592637344,-483.928820652322
3.52429826079847,-483.51559448613
6.55008542561792,-483.102013325365
9.53960946322972,-482.686535038936
12.5033632450816,-482.264941883468
15.4543501390576,-481.837012432129
18.4248973216602,-481.397370360714
21.3791248773437,-480.964288559341
24.3205120171983,-480.515490971402
27.2742347317816,-480.059497143049
30.2409835595384,-479.597125793183
33.1946297183222,-479.140074139018
36.1290258227987,-478.673126292794
39.0903262652993,-478.202404662531
42.0243231761102,-477.741161533389
44.9778120564375,-477.281220099803
47.883809703254,-476.852179839203
50.7663133565031,-476.422863472485
53.5961360284542,-476.037683642018
56.3388989170857,-475.652472861234
59.0287241865461,-475.286721835792
61.6652387497795,-474.875906499956
64.2560194275951,-474.31012538952
66.7951007151687,-473.653273428869
69.2279445836184,-472.632132391096
71.5856985804945,-471.533151754889
73.7454882356963,-470.097539109413
75.8572655614619,-468.589501888537
77.8019050111345,-466.895174879357
79.6812077311951,-465.08264287389
81.4259781536773,-463.11858044977
83.0553779014392,-461.042883339785
84.5488852223863,-458.832485920302
85.9559191387751,-456.540842416215
87.2137364251034,-454.174330261802
88.3072278631696,-451.700121664585
89.0326326835671,-449.066860915448
89.5681940568736,-446.382061106045
89.7758265396695,-443.640349977609
89.9161546073476,-440.899625206507
89.9764273559664,-438.137184721295
90.0261435537633,-435.346604501728
90.0663336541275,-432.517764333128
90.103353215548,-429.625392132172
90.1408267625465,-426.692244077436
90.1914000709819,-423.719089187514
90.2496004027319,-420.737841312915
90.3331159163978,-417.736522815753
90.4293107311827,-414.734715373535
90.5408785382267,-411.715253049727
90.6526218546998,-408.705189135625
90.7630880659842,-405.682997593011
90.8494204043788,-402.674976519691
90.9199411836906,-399.667423716033
90.954046312525,-396.683145745727
90.9449167336335,-393.705532701045
90.9034275684526,-390.787069178322
90.7863826606815,-387.946216096553
90.6457656596497,-385.215035837735
90.4091218493118,-382.562921612335
90.155017293297,-379.964509270179
89.7405003304858,-377.417105299011
89.2871888382867,-374.867723137275
88.4237130694055,-372.445505769902
87.4506990284076,-370.107757297111
86.0119704019323,-368.030651328328
84.3657604000888,-366.08327735471
82.5080042555505,-364.321913282679
80.4980774720525,-362.760852208342
78.3760562800585,-361.368479962673
76.1889381337948,-360.143259151298
73.9454665403399,-358.98857492977
71.7142188983812,-357.913964539154
69.4365461409192,-356.954963169168
67.0885238719208,-356.05448846494
64.6944994247817,-355.29577688372
62.2641878408415,-354.668402077158
59.7820336595465,-354.168284816726
57.198398446252,-353.754349041632
54.6182184492771,-353.419379002256
51.9750096166061,-353.151102936284
49.2740707461192,-352.907060232198
46.5703886878064,-352.695661996587
43.8248884511383,-352.509551732091
41.0394041452615,-352.35319675157
38.2386773085125,-352.21947670796
35.4167228137167,-352.128024925885
32.5785476400048,-352.063235980025
29.7130090690432,-352.04567413969
26.8604817958013,-352.060061589872
23.9667301591246,-352.131087269546
21.0514919062052,-352.232059694044
18.1758023627708,-352.371649487026
15.2485496386608,-352.56645445012
12.3405798150839,-352.776841359022
9.4113636923524,-353.038929990024
6.48798155694945,-353.311275722361
3.57213755846328,-353.623971415664
0.634221597699298,-353.956378498923
-2.28423276132953,-354.310829088452
-5.246759721041,-354.693271409165
-8.18021886772518,-355.072795129101
-11.1068713455336,-355.484092873053
-14.0757490599171,-355.905307846396
-17.0098565379429,-356.32969552267
-19.9665303432836,-356.774391461171
-22.9230419547042,-357.214163686739
-25.8545675124132,-357.666760900586
-28.8102968337767,-358.125499075217
-31.7597940103975,-358.586175534485
-34.7096715166332,-359.046980152813
-37.6618789950005,-359.50739769057
-40.6070622338656,-359.965392756927
-43.5750818760954,-360.425755171865
-46.5269129704932,-360.870230555874
-49.46067385283,-361.319953481008
-52.4174678866971,-361.769238049022
-55.369727259498,-362.214660990092
-58.3224668986025,-362.655970991814
-61.2778333161334,-363.092750587962
-64.2288519132803,-363.524990211314
-67.2008409671984,-363.95306712342
-70.1580372465387,-364.3654882579
-73.0990934546743,-364.778104507817
-76.0616933990897,-365.191049115406
-79.0199304279029,-365.59853874791
-81.9804432079895,-366.002619617894
-84.9359515069222,-366.403535354886
-87.9135040080496,-366.804491989749
-90.8676383408521,-367.192251293295
-93.8377097247231,-367.593112419332
-96.8263789049274,-367.981493609012
-99.7777779004669,-368.369695788488
-102.759262598518,-368.771278342745
-105.751427835618,-369.163695914194
-108.710668261715,-369.551994137666
-111.678880995105,-369.950921480036
-114.651662556453,-370.348631356682
-117.611439530269,-370.75316985873
-120.59152803193,-371.154819235598
-123.534992060718,-371.558117797425
-126.488092684256,-371.976845175276
-129.461001554777,-372.397174501955
-132.407068744314,-372.818232283375
-135.367711520988,-373.249131138003
-138.310824134738,-373.68249363305
-141.285180964485,-374.12704007901
-144.281667485864,-374.55639188107
-147.305499119121,-374.982065766286
-150.354341698439,-375.368137189546
-153.416232955954,-375.739968963472
-156.522308508679,-376.078009348694
-159.663645492111,-376.353198647146
-162.799791410253,-376.590265460283
-165.951592549109,-376.742593064917
-169.140901729492,-376.839507331846
-172.335454930351,-376.863754528432
-175.522030717192,-376.78777888328
-178.759128542988,-376.655826162877
-182.022701332505,-376.389443424935
-185.227785555401,-376.031408449719
-188.47226266851,-375.610033853003
-191.750380407903,-375.00110322616
-194.995543245907,-374.309812122006
-198.214941111184,-373.533326554447
-201.468106053449,-372.594137150327
-204.72320243454,-371.54433161142
-207.897649467295,-370.34141202654
-211.010367647889,-368.937806787852
-214.069201007344,-367.374690923796
-216.87929761623,-365.487437358959
-219.56130577958,-363.420131745782
-222.057120135586,-361.057080443378
-224.28523403625,-358.544425990381
-226.368453167476,-355.914929043879
-228.3107177342,-353.107205704787
-230.089628578833,-350.293855697409
-231.773773557417,-347.442476902858
-233.358123616551,-344.532517048482
-234.858633567339,-341.684818206746
-236.347654416413,-338.806753788003
-237.781869177763,-335.968545220475
-239.215471621421,-333.181018029986
-240.661656390447,-330.401859793484
-242.087765659276,-327.690925216258
-243.518582109549,-325.010064706148
-244.94460323169,-322.379806805798
-246.38489204274,-319.744838192881
-247.816895383375,-317.127551303094
-249.253159536426,-314.51880260221
-250.693578438187,-311.898975188761
-252.120921037644,-309.301096418237
-253.557456737789,-306.690627663029
-254.985527931313,-304.078116948742
-256.417567150745,-301.464100627382
-257.848453395733,-298.839713151505
-259.269872365748,-296.234408230839
-260.697693438789,-293.629737101732
-262.135297483095,-291.022086047628
-263.578223440035,-288.413482940301
-265.019667794458,-285.812205989857
-266.47015532521,-283.213202971704
-267.93584032053,-280.603156769323
-269.392110462864,-278.013799499205
-270.867885229139,-275.432625703943
-272.359862340672,-272.825338729273
-273.844991694241,-270.239678371778
-275.347379263986,-267.639679629273
-276.856908578666,-265.029015945929
-278.370901056025,-262.413195990959
-279.881552819909,-259.789425432149
-281.392072461126,-257.174775146236
-282.903653206693,-254.545606396453
-284.421773301948,-251.903078463963
-285.921725170528,-249.251029813523
-287.416874994507,-246.61364768174
-288.90312487466,-243.949905531485
-290.367471521149,-241.284995595367
-291.820593942142,-238.599347465285
-293.220061678287,-235.875001643732
-294.583857882088,-233.135715837766
-295.858267065852,-230.326376970682
-297.052290270179,-227.503311734406
-298.158375573244,-224.637718193447
-299.136182816889,-221.713287981719
-300.055107474936,-218.742219636127
-300.792637880285,-215.720442273315
-301.4777009872,-212.679724066569
-302.056069018483,-209.574072741747
-302.527697190552,-206.461392926386
-302.953737267431,-203.339847884871
-303.32689791676,-200.185564912722
-303.717627015578,-197.016523552057
-304.132045177895,-193.835410858018
-304.661965406512,-190.582716420684
-305.204317859894,-187.227145998871
-305.736551443635,-183.711994849974
-305.900107160533,-180.080693151489
-305.651450714016,-176.41777509418
-304.889655110042,-172.622926688223
-303.426786600947,-169.022243184845
-301.627463175237,-165.573608917335
-299.438363549585,-162.310989764089
-296.77935508687,-159.528817296237
-293.770550645139,-157.218148633146
-290.498627922922,-155.381270140708
-287.058744585857,-154.002030571978
-283.61344128852,-152.913412388557
-280.215480455746,-152.046762070988
-276.876499105619,-151.36155847157
-273.59009767364,-150.781772931777
-270.378565988451,-150.307528049804
-267.240989700572,-149.914643449148
-264.170709314353,-149.563212629064
-261.152563272321,-149.232329277649
-258.151701563122,-148.905734515889
-255.177924606833,-148.573516776852
-252.23149555379,-148.221047049473
-249.267677125192,-147.841469468027
-246.309176809148,-147.454120500572
-243.343054638745,-147.043767181366
-240.388949169346,-146.631472551427
-237.440124815206,-146.198256501484
-234.469571707815,-145.765652754649
-231.535227329049,-145.330037188403
-228.568970042746,-144.879145399852
-225.621357499836,-144.437533880291
-222.669389535828,-143.986076706281
-219.718782160059,-143.547715133197
-216.764902074806,-143.10428147456
-213.802189277307,-142.67664028547
-210.850299984342,-142.247973584842
-207.895131650828,-141.833830800704
-204.940929101183,-141.416664776447
-201.981510979885,-141.013576150219
-199.020783599328,-140.606023139729
-196.04450969426,-140.209792164981
-193.107920867376,-139.820862930878
-190.145202279459,-139.421768295771
-187.186869223545,-139.034339693741
-184.218498481331,-138.63811592283
-181.262729470779,-138.252322222971
-178.304084604463,-137.855862001993
-175.347034900483,-137.467991108559
-172.38749812404,-137.068394114924
-169.420268770834,-136.675964499099
-166.465716227828,-136.271051420285
-163.507761246391,-135.872179542163
-160.555939194936,-135.460557375812
-157.567869424129,-135.053119181052
-154.63731193188,-134.647408106644
-151.675715645684,-134.225876096816
-148.723613383124,-133.812222422607
-145.766900849217,-133.385868217866
-142.803152212604,-132.967369303714
-139.851673613289,-132.536940228649
-136.897573895224,-132.11456648041
-133.9452957391,-131.679903550405
-130.989944304069,-131.253742717336
-128.027707531052,-130.816060916462
-125.075735304629,-130.387404650549
-122.129124181193,-129.948219869256
-119.152854719526,-129.514192423983
-116.223144159158,-129.0854071288
-113.254313979462,-128.642051712425
-110.306497964509,-128.209889373628
-107.353259379916,-127.766637555733
-104.401920077289,-127.333525610656
-101.448525707624,-126.890254180085
-98.4900931972134,-126.457306204594
-95.537112066399,-126.014844292241
-92.5825131163943,-125.582983987546
-89.6288603105393,-125.141848269855
-86.6725052849045,-124.711378565741
-83.7253756135723,-124.273086767451
-80.7430279828659,-123.841472640158
-77.8159570542681,-123.418611697726
-74.8534760490543,-122.98220244385
-71.9001698026817,-122.559779083611
-68.9441424900775,-122.12822095113
-65.9884936761439,-121.709230703838
-63.0323977190316,-121.282300610475
-60.076074820382,-120.867458548522
-57.119349762604,-120.446093510127
-54.1622611219534,-120.036093617059
-51.2052862828782,-119.620946457457
-48.2453959903894,-119.217244712621
-45.2950924895017,-118.80868993477
-42.3066249994611,-118.408760231124
-39.3773981205156,-118.019189944694
-36.4097098066991,-117.619819818842
-33.452687510458,-117.227770244002
