-30.62577283,-129.15163282
-27.67043651,-128.72248055
-24.71455086,-128.30325872
-21.75879914,-127.87415465
-18.80301928,-127.45494621
-15.84725671,-127.02573997
-12.89145305,-126.60662932
-9.93575816,-126.17743164
-6.97958217,-125.7583245
-4.02369598,-125.3292034
-1.06803399,-124.91011069
1.88812621,-124.48095489
4.84256242,-124.06202991
7.80371087,-123.6322411
10.73986944,-123.21565914
13.71580001,-122.79412286
16.66624111,-122.36569267
19.62342354,-121.94640758
22.57890367,-121.5173379
25.53452423,-121.09835122
28.49130935,-120.66921706
31.44340457,-120.2510791
34.41292717,-119.82160446
37.36565646,-119.39641776
40.32035919,-118.9738731
43.28367708,-118.55435323
46.2612548,-118.12774262
49.22131687,-117.69854016
52.18545032,-117.27442911
55.15254831,-116.84510416
58.10337917,-116.42313835
61.0658083,-116.00426838
64.04463355,-115.57738432
66.99633953,-115.14820598
69.94649689,-114.73253655
72.92860671,-114.3050132
75.87780123,-113.87482111
78.83066761,-113.45610556
81.80361703,-113.0260322
84.74218525,-112.60212543
87.69803162,-112.186363
90.66707991,-111.75929671
93.61913607,-111.33480578
96.57497028,-110.90975132
99.53101532,-110.48456424
102.48184873,-110.05995666
105.44774432,-109.63434476
108.38841163,-109.21099326
111.34058795,-108.79583454
114.30444248,-108.36904571
117.26285333,-107.94444823
120.21858981,-107.51875905
123.16798943,-107.09401433
126.13038186,-106.66872239
129.08460857,-106.24315701
132.03602633,-105.81790928
134.99153232,-105.39293196
137.94501646,-104.97136672
140.90004314,-104.54375218
143.86006981,-104.11566676
146.81426037,-103.68443487
149.7624466,-103.25156844
152.72291733,-102.81553144
155.67533429,-102.37526206
158.62217706,-101.93258654
161.58078131,-101.48418963
164.53141616,-101.03195221
167.47597961,-100.5738441
170.43233328,-100.11031362
173.38027328,-99.64007681
176.32233549,-99.16525479
179.27653216,-98.68576808
182.221854,-98.20358655
185.16569757,-97.72081595
188.10652168,-97.24122382
191.06068929,-96.76506661
194.00976479,-96.29435792
196.95359071,-95.83241666
199.91159708,-95.37986248
202.86418203,-94.94027577
205.81745885,-94.51293081
208.79661233,-94.10357393
211.793266,-93.70591628
214.81434155,-93.33023424
217.87594215,-92.96429198
220.9875761,-92.59211908
224.12627078,-92.18252035
227.32068542,-91.72673776
230.54492429,-91.15258474
233.78975053,-90.4296575
237.05151718,-89.56543695
240.29357392,-88.45756493
243.48682757,-87.1016819
246.62235151,-85.51272633
249.61659786,-83.63632809
252.48910975,-81.53307018
255.20181222,-79.1208681
257.67128664,-76.45248978
259.9777185,-73.60128416
261.96302089,-70.51738001
263.69238621,-67.35758081
265.23670426,-64.10419468
266.39019114,-60.69774804
267.31882158,-57.26710829
267.92666846,-53.83370626
268.19516802,-50.33296996
268.24237539,-46.87541572
268.02747641,-43.47261638
267.64888776,-40.115952
267.18237657,-36.83518458
266.57422301,-33.5891609
265.91154059,-30.43194959
265.19882528,-27.3144229
264.41913248,-24.27023933
263.64718035,-21.28243151
262.83545504,-18.3228428
262.03448852,-15.40509845
261.2322501,-12.51481162
260.45248457,-9.62527739
259.67494514,-6.73656997
258.94910142,-3.86538427
258.23372169,-0.97220684
257.55034394,1.92508127
256.87763737,4.82530745
256.21942452,7.73063066
255.57309923,10.63647056
254.92914404,13.54902362
254.29782007,16.44451481
253.67021519,19.35393547
253.03036893,22.27544902
252.38892821,25.1808808
251.74508746,28.08301912
251.09003901,31.00246707
250.42915542,33.90171848
249.76966235,36.800007
249.09721944,39.71527542
248.41906717,42.60911701
247.74401969,45.50429168
247.05299327,48.41001792
246.35597718,51.31642606
245.65132275,54.20184188
244.94486068,57.10503982
244.21888702,60.00586695
243.49994652,62.88578061
242.7692056,65.7884243
242.03648685,68.67063261
241.30947126,71.55220521
240.57380208,74.45282218
239.83846315,77.33548576
239.11061508,80.21697839
238.37522534,83.12184333
237.64621907,85.99123422
236.93396314,88.88048298
236.2085755,91.78532846
235.50598327,94.66797352
234.79845569,97.58746205
234.09560408,100.48913312
233.40994114,103.38718488
232.72947269,106.29078402
232.05640695,109.20330663
231.38968327,112.10585396
230.73112132,115.02831455
230.07036638,117.96033203
229.4112551,120.92618266
228.74849883,123.90587904
228.09782876,126.91657227
227.42052553,129.97749742
226.72756733,133.0390943
225.98318559,136.102571
225.17178239,139.19912414
224.26782313,142.25959354
223.2547537,145.29291344
222.15086937,148.31869522
220.86101534,151.30906876
219.49035352,154.2075047
217.96205357,157.09727526
216.28741496,159.89090284
214.51056818,162.63519106
212.53445357,165.27003659
210.48328091,167.80879128
208.26153813,170.27372434
205.96397032,172.58783523
203.57177321,174.85530331
201.06744116,176.93901979
198.52646784,178.95493661
195.85014101,180.8549683
193.12692851,182.61265468
190.35681787,184.27590929
187.46738757,185.76052892
184.54577536,187.13948878
181.57284273,188.36711396
178.56519742,189.47547347
175.56087884,190.51674268
172.51034725,191.45654967
169.51032047,192.35061845
166.4954699,193.22953114
163.49149667,194.09388846
160.5198253,194.95108078
157.57175728,195.82960922
154.62750617,196.71610045
151.70745093,197.62144088
148.78228267,198.53046334
145.89595071,199.43702357
143.01625547,200.35601723
140.15490152,201.27618608
137.28284587,202.20821355
134.44049951,203.12305113
131.61722177,204.04332611
128.81848981,204.94541581
126.05930289,205.84497346
123.31129073,206.72845699
120.61367864,207.59946694
117.9091862,208.47190342
115.25028029,209.33714513
112.58791813,210.23421539
109.91282778,211.14482433
107.29177822,212.07480197
104.64110777,213.04971651
102.01783294,214.0646136
99.4160479,215.12231395
96.81715581,216.24744936
94.24704519,217.41985028
91.69776333,218.65118043
89.19530857,219.92974569
86.70216916,221.28034091
84.24634354,222.67921346
81.82258382,224.13579762
79.42960346,225.64923684
77.09032101,227.20507289
74.75959326,228.84846794
72.4852008,230.51527601
70.25421126,232.25858861
68.05388316,234.04893075
65.90606437,235.90321014
63.80092031,237.79895954
61.7620423,239.7478961
59.76465319,241.76327801
57.8218928,243.82027202
55.92611039,245.93822319
54.08197673,248.08888918
52.2940403,250.28783653
50.553703,252.52390689
48.87106605,254.80425682
47.22577785,257.13875283
45.64051018,259.49555834
44.10685077,261.89538868
42.62333727,264.33948851
41.19211413,266.80994217
39.82264663,269.30648749
38.50177003,271.84715092
37.24390491,274.40983472
36.04293403,277.01435438
34.89730374,279.64992875
33.81649281,282.30555153
32.79730558,284.98280324
31.84540335,287.69155073
30.95656593,290.43205849
30.14211577,293.18227287
29.3941584,295.9713079
28.72569578,298.76275963
28.12908438,301.58593247
27.61769437,304.41923282
27.17773873,307.26830302
26.82952638,310.1241825
26.54602346,312.98352534
26.35578344,315.85663023
26.22336106,318.73538975
26.17805843,321.61190321
26.19065417,324.48409268
26.27785736,327.36022163
26.42329811,330.22364875
26.63431052,333.08916451
26.90514755,335.94156673
27.23235874,338.79177579
27.61959949,341.63452076
28.05582087,344.46053788
28.55458515,347.2730958
29.09550611,350.08090357
29.69686128,352.88081521
30.33652669,355.67352079
31.0331136,358.44932502
31.7710342,361.21342295
32.55139958,363.99093257
33.36536888,366.76023251
34.20951386,369.52398365
35.08678596,372.29417236
35.9866704,375.08704778
36.90611908,377.86678553
37.84588567,380.67937062
38.79274318,383.49887442
39.74455351,386.32472105
40.69332553,389.15797065
41.63745091,392.00235439
42.57093245,394.85338044
43.49452847,397.71989527
44.40533349,400.59728636
45.30081138,403.48199068
46.18091365,406.39326396
47.03432615,409.28808881
47.86926536,412.21249845
48.68060015,415.1453161
49.46221435,418.08196199
50.2191255,421.02593785
50.9424431,423.98384197
51.63889132,426.94739097
52.29959796,429.93383311
52.92417022,432.92873264
53.51951453,435.91996401
54.08439856,438.92390072
54.62282371,441.93937557
55.12912378,444.95294327
55.61343058,447.98042115
56.06710795,451.00564333
56.49617822,454.03997499
56.90334871,457.07375104
57.28662809,460.10950733
57.65205723,463.14024677
57.99371338,466.18681892
58.31842346,469.21310018
58.6211615,472.25786764
58.90042817,475.29283751
59.16170389,478.32858593
59.39862015,481.37606153
59.61478414,484.40507957
59.80678877,487.4479183
59.97775996,490.4895677
60.12089363,493.52410194
60.23971138,496.56385074
60.33357852,499.61043113
60.40059088,502.64184369
60.44425761,505.67602715
60.45820632,508.71717642
60.44879998,511.74577367
60.40880297,514.78495923
60.34029538,517.81161909
60.24882408,520.84379347
60.13151232,523.87587919
59.99386495,526.89705916
59.83216,529.92390955
59.6538138,532.93809278
59.45448688,535.96182544
59.23723547,538.97350307
59.00506194,541.98123623
58.75688315,544.99783107
58.49695769,548.00238387
58.22433285,551.00619809
57.94109645,554.00627603
57.64919315,557.00413994
57.34688865,560.0036129
57.03653638,563.00088799
56.71750354,565.98401227
56.39280209,568.97599231
56.05928614,571.96988704
55.7207852,574.94814272
55.37594087,577.9387804
55.02371891,580.91973141
54.66762497,583.89460198
54.30541072,586.88156061
53.93969245,589.86040289
53.56879686,592.83971201
53.19350477,595.82068341
52.81596515,598.79098136
52.43525322,601.77366186
52.05119094,604.76014387
51.66518742,607.734285
51.27798352,610.71770704
50.88981609,613.69251578
50.50058214,616.66407791
50.11166023,619.63192882
49.72339471,622.59805931
49.33501342,625.56370455
48.94664139,628.52564051
48.55985172,631.48474049
48.17336153,634.44454557
47.78876045,637.39056279
47.40543952,640.34350699
47.02219983,643.3078686
46.64133937,646.26059639
46.26270484,649.21285591
45.88505399,652.16496807
45.51089912,655.11611889
45.13742736,658.07881091
44.76739506,661.03605277
44.39885667,663.98921387
44.03431493,666.95743931
43.67092963,669.91615728
43.31193279,672.88427647
42.95462265,675.8460172
42.59909391,678.81550945
42.24624912,681.77696957
41.89576833,684.73546545
41.54550714,687.70805633
41.19615194,690.66897671
40.84780259,693.63823359
40.50038104,696.60143948
40.15232865,699.56157833
39.80389708,702.53319289
39.45520336,705.49280127
39.1062518,708.46365537
38.75514593,711.42573193
38.40267165,714.39578831
38.04828291,717.3566872
37.69327677,720.31596162
37.33328065,723.28748118
36.9732426,726.2459456
36.60804497,729.21799579
36.23975988,732.1815168
35.86813806,735.14022572
35.49300218,738.11307395
35.113576,741.07898272
34.73171736,744.03865997
34.34867564,747.01307299
33.96125429,749.98126343
33.57394363,752.94637396
33.18462905,755.9162801
32.79436012,758.88758803
32.40449825,761.86287025
32.01318965,764.8468023
31.62325635,767.8226356
31.23468372,770.81744357
30.84520886,773.81688137
30.45998116,776.81191747
30.07579748,779.83126481
29.69707079,782.84964686
29.3238705,785.88241685
28.9536268,788.94378825
28.5951258,792.01451133
28.23925372,795.12120267
27.89519481,798.2602158
27.56309517,801.42750467
27.23584644,804.66532165
26.92685058,807.96918763
26.60813286,811.35151212
26.26208287,814.81626617
25.73165993,818.32348544
24.99311204,821.88603882
23.83668843,825.39234478
22.27513246,828.78300966
20.33881133,832.09979635
18.02619657,835.19782758
15.44920862,838.2200716
12.51414081,841.06727463
9.29756524,843.68443269
5.83682404,846.09670396
2.06294351,848.29248509
-2.10270857,850.06279116
-6.34432772,851.42312934
-10.7932965,852.41555486
-15.39366042,852.88035054
-19.81390551,852.84661115
-24.3319188,852.35811547
-28.63577315,851.21234058
-32.62039413,849.89168514
-36.44474422,848.12931207
-39.87732541,845.85498584
-43.00112138,843.21257118
-45.76733413,840.21655917
-48.26279545,837.18036571
-50.48054449,834.10257544
-52.23002647,830.77954549
-53.65255333,827.37530715
-54.8401022,823.99765168
-55.87991051,820.68784068
-56.90578098,817.49474179
-57.92144915,814.38480209
-58.94742143,811.34899685
-59.9656522,808.3605025
-60.98603798,805.41187412
-62.00352923,802.49059307
-63.01805186,799.57868887
-64.02007969,796.68780852
-65.01632538,793.79676906
-65.99139925,790.91010429
-66.94754138,788.02977878
-67.88343992,785.15177892
-68.79048722,782.26373187
-69.68447101,779.3902243
-70.54468732,776.4972285
-71.39496654,773.62438851
-72.21759242,770.739345
-73.0279521,767.86957118
-73.82211666,764.97929716
-74.59656558,762.09922405
-75.36314363,759.22042552
-76.11191266,756.32241668
-76.85333837,753.43253084
-77.57720642,750.54208952
-78.29672381,747.63958324
-79.00436248,744.73348993
-79.70213581,741.83121908
-80.39461687,738.93339073
-81.08079879,736.01898228
-81.76236569,733.11333124
-82.44532561,730.2109511
-83.13012595,727.29904012
-83.82400438,724.39336767
-84.5257844,721.49171532
-85.24051745,718.60335138
-85.97398957,715.71205701
-86.72131731,712.83859931
-87.50120405,709.9689635
-88.29303421,707.10390751
-89.12737928,704.24808943
-89.97428111,701.39589058
-90.85127339,698.56102479
-91.74516613,695.72396873
-92.65751416,692.89112655
-93.5855003,690.06413487
-94.52421887,687.24614856
-95.47617406,684.42863357
-96.43379307,681.61236917
-97.40045609,678.79492716
-98.36913781,675.97450779
-99.33680985,673.15935643
-100.30490748,670.35282241
-101.27461691,667.53361237
-102.24197691,664.70784292
-103.20541968,661.89959818
-104.17062923,659.08966128
-105.13647549,656.26440659
-106.09888816,653.44573544
-107.05982978,650.63373136
-108.0237154,647.81025274
-108.98627337,644.98712585
-109.94188788,642.17384934
-110.90816789,639.33640082
-111.86164419,636.50754189
-112.81029604,633.71310791
-113.77808173,630.88206565
-114.73901756,628.03222307
-115.68337923,625.22599639
-116.63919639,622.41805007
-117.60004828,619.57864054
-118.55606893,616.74818931
-119.50916176,613.92121138
-120.46260108,611.09964352
-121.41753083,608.25935277
-122.36642183,605.43492153
-123.31896459,602.60710377
-124.26598317,599.78418756
-125.22352106,596.95805668
-126.17900873,594.11650421
-127.12884861,591.28146989
-128.07736902,588.4495005
-129.02084769,585.64189034
-129.97936417,582.80800508
-130.93315094,579.96777803
-131.88188938,577.13193012
-132.82958108,574.29927828
-133.77148477,571.49357067
-134.73191182,568.65197864
-135.68326008,565.80722947
-136.62963952,562.98761363
-137.57995895,560.14598055
-138.52704794,557.31484837
-139.46909958,554.50901013
-140.42977226,551.66763118
-141.3819047,548.82241663
-142.32835751,546.00482165
-143.28178041,543.1569186
-144.22195116,540.35036267
-145.18199468,537.52472441
-146.13813924,534.67212118
-147.08537985,531.85725981
-148.04076837,529.00881746
-148.98160458,526.20439724
-149.94316403,523.37416685
-150.89163661,520.53753914
-151.84147967,517.72905901
-152.79124202,514.90058727
-153.74236187,512.09842915
-154.70283478,509.25891398
-155.64974539,506.45251835
-156.61428022,503.61752886
-157.56517887,500.78924469
-158.51725412,497.99446562
-159.48756434,495.13404597
-160.4366077,492.30532
-161.38767768,489.49981387
-162.34852191,486.67453777
-163.30926946,483.83953581
-164.26842962,481.00889854
-165.22526454,478.18448833
-166.18393614,475.36466755
-167.14540653,472.52597987
-168.10109435,469.70370619
-169.05958989,466.88253932
-170.01959946,464.04597907
-170.97742152,461.21523977
-171.93296165,458.39028844
-172.8899253,455.56989929
-173.84957959,452.73065082
-174.80342932,449.90757008
-175.75965499,447.08624492
-176.71827083,444.24694458
-177.67160355,441.4232095
-178.62687734,438.60313041
-179.58716107,435.75859636
-180.53378336,432.95425377
-181.5000058,430.13232064
-182.46464286,427.2762808
-183.41942259,424.45015741
-184.37467818,421.62355498
-185.33161444,418.8035571
-186.29213614,415.9645533
-187.24769873,413.1420265
-188.20648289,410.321564
-189.16877647,407.48356232
-190.12647733,404.66126971
-191.08715332,401.84300901
-192.05375212,399.00071523
-193.00764629,396.19859505
-193.9818092,393.38001988
-194.95606681,390.52488036
-195.91769718,387.70999756
-196.88516447,384.89102356
-197.85543044,382.0559791
-198.82116707,379.23676809
-199.78997207,376.41976176
-200.7621387,373.58502945
-201.72919045,370.76598899
-202.6986629,367.95074705
-203.67328168,365.11095939
-204.6341081,362.31174826
-205.61433546,359.49460074
-206.5928145,356.64289412
-207.56063767,353.82127802
-208.52836596,350.99899744
-209.49675239,348.18291159
-210.46774663,345.34727775
-211.43234287,342.52800433
-212.39897712,339.71023752
-213.36761537,336.87407756
-214.3294916,334.05379506
-215.29324488,331.23518209
-216.25832418,328.3973731
-217.21640402,325.57738432
-218.17768015,322.75207481
-219.1322174,319.93254213
-220.09606777,317.1097157
-221.05770947,314.26815963
-222.01164396,311.43518394
-222.96368269,308.60094784
-223.9123503,305.77415438
-224.86109542,302.95091058
-225.81201372,300.10846496
-226.7558133,297.28263604
-227.7022785,294.455846
-228.64749446,291.61993406
-229.59784135,288.76541677
-230.52916862,285.93570928
-231.46483128,283.12924473
-232.41135182,280.27985242
-233.3493559,277.45305479
-234.29068052,274.6255412
-235.23308541,271.78360027
-236.17386122,268.94552219
-237.11036744,266.11970344
-238.05673341,263.27452113
-238.9890601,260.43121123
-239.92223461,257.6155955
-240.86549073,254.77052045
-241.80196553,251.94666245
-242.74950315,249.10145129
-243.6831116,246.25934781
-244.61888336,243.4423005
-245.56224136,240.60470682
-246.51008525,237.75728781
-247.44297649,234.93637622
-248.3903672,232.09589761
-249.32842154,229.25656751
-250.2676936,226.44693641
-251.22544629,223.58708433
-252.16115891,220.76627199
-253.11344836,217.9422276
-254.05864964,215.10236981
-255.01094068,212.278633
-255.96517842,209.42286121
-256.90521739,206.61495479
-257.86431355,203.78450588
-258.82220412,200.93229594
-259.76649348,198.12555157
-260.72966591,195.29522235
-261.69004316,192.44912003
-262.64366603,189.62561343
-263.60085297,186.79651456
-264.55820621,183.96974813
-265.51739535,181.14128322
-266.47551779,178.31944951
-267.4423222,175.47485354
-268.39400063,172.64903041
-269.35084488,169.84047876
-270.32243904,166.98098624
-271.27324139,164.16664794
-272.23735395,161.34521204
-273.20172664,158.49580779
-274.15718984,155.66605286
-275.1127181,152.84831161
-276.07380316,150.01700569
-277.03283984,147.18409383
-277.99139878,144.36547845
-278.95867687,141.51274259
-279.90900265,138.69391102
-280.87034088,135.8648765
-281.82951914,133.02426213
-282.7840484,130.19161691
-283.73963499,127.35734838
-284.6924209,124.53611814
-285.65398547,121.69970442
-286.60868173,118.84773405
-287.55604811,116.0212549
-288.50463795,113.19520921
-289.46263001,110.34397599
-290.40959466,107.48938059
-291.35100375,104.66836522
-292.2957413,101.83525951
-293.24680336,98.9862557
-294.18660963,96.13314642
-295.11679525,93.30478518
-296.0508336,90.44927302
-296.96818476,87.58888258
-297.87245426,84.7518965
-298.77055314,81.8839803
-299.65441962,79.01405606
-300.51199793,76.16182215
-301.37189067,73.2813806
-302.20926315,70.39797405
-303.03177852,67.53553556
-303.85414918,64.64542373
-304.65746992,61.7540178
-305.45151108,58.87718587
-306.23591909,55.9997417
-307.02591855,53.09399792
-307.79022536,50.2179524
-308.5697599,47.31504967
-309.32784894,44.40560196
-310.07934164,41.54455201
-310.84602443,38.6286964
-311.59283965,35.74270766
-312.35082829,32.85520591
-313.10666893,29.94355797
-313.85545502,27.06231311
-314.61535415,24.1537801
-315.36335793,21.2624776
-316.11816545,18.39493278
-316.89052844,15.48517609
-317.6479349,12.60379428
-318.42324541,9.71847247
-319.19362144,6.82918558
-319.97285823,3.96840386
-320.76900357,1.06753426
-321.55420562,-1.80846484
-322.35305411,-4.67386311
-323.15619551,-7.5359732
-323.9814042,-10.40963768
-324.80009634,-13.28134298
-325.63368007,-16.13503205
-326.47271848,-18.99105798
-327.32729153,-21.83679685
-328.19329188,-24.69977408
-329.05984258,-27.54485273
-329.93661802,-30.36957044
-330.83267372,-33.21556305
-331.72512816,-36.03280139
-332.64230476,-38.86839575
-333.55251506,-41.70499603
-334.46727561,-44.49813418
-335.40436803,-47.33479008
-336.32925306,-50.14388848
-337.27023655,-52.95219734
-338.21336848,-55.77908939
-339.1546244,-58.58490565
-340.10194866,-61.39045603
-341.06033782,-64.21241943
-342.01203868,-67.02689838
-342.97546296,-69.85542959
-343.92692967,-72.68578969
-344.87891951,-75.49773575
-345.83728879,-78.33378399
-346.78493209,-81.14753122
-347.7458695,-83.97742674
-348.69873173,-86.82217958
-349.64283451,-89.65098764
-350.58579097,-92.48441937
-351.526647,-95.31942339
-352.46539453,-98.15684322
-353.40158731,-100.99030854
-354.33732915,-103.82643691
-355.27113322,-106.66125431
-356.20566796,-109.50122277
-357.13349149,-112.32404174
-358.07554066,-115.16081544
-359.01206187,-118.01103535
-359.94273906,-120.84416381
-360.87527333,-123.68172432
-361.80795616,-126.51788467
-362.74141174,-129.35413621
-363.67596927,-132.18990302
-364.61177033,-135.02528789
-365.54914646,-137.86002629
-366.48842389,-140.69444771
-367.42919776,-143.52708264
-368.37388075,-146.36304767
-369.31534191,-149.18276179
-370.27419229,-152.01365681
-371.22997129,-154.8556264
-372.18372649,-157.68113674
-373.14296066,-160.50931563
-374.10502834,-163.33529064
-375.07154203,-166.16004603
-376.04152361,-168.98350889
-377.01548023,-171.80561546
-377.99254988,-174.62662695
-378.97265088,-177.44661293
-379.95564952,-180.26549334
-380.94074551,-183.08401161
-381.92777808,-185.90048678
-382.91214759,-188.69569773
-383.91359731,-191.51632347
-384.9079279,-194.34341818
-385.89806906,-197.15665119
-386.88976856,-199.97345605
-387.88074811,-202.78940785
-388.8711565,-205.60584859
-389.86069739,-208.42253476
-390.84870615,-211.23968633
-391.83530427,-214.0576529
-392.81944184,-216.87524123
-393.80255265,-219.69779746
-394.77776786,-222.50588547
-395.76373607,-225.3273826
-396.74085151,-228.16159664
-397.70829587,-230.98354482
-398.67256294,-233.80549406
-399.63959964,-236.64642068
-400.59273747,-239.48734646
-401.55093618,-242.32443814
-402.50597572,-245.19482708
-403.46335131,-248.07646785
-404.42613857,-250.99021435
-405.40739769,-253.9433128
-406.41780681,-256.9795577
-407.47377983,-260.10085835
-408.60184716,-263.37828474
-409.80643457,-266.87993827
-410.90179178,-270.71816365
-411.36185427,-274.94650633
-410.70462492,-279.39551232
-408.75383269,-283.64064216
-405.82577722,-287.54771329
-401.87378882,-290.71332421
-397.48198935,-292.55778903
-393.09190395,-293.08302303
-388.8956537,-292.97172238
-385.02466273,-292.6128999
-381.36109264,-292.21528977
-377.83483686,-291.79633472
-374.4074103,-291.34309202
-371.1080905,-290.84731927
-367.97845945,-290.36322184
-365.05024512,-289.9310762
-362.34366937,-289.64679534
-359.84574514,-289.41949002
-357.54890728,-289.24496441
-355.39222601,-289.09439261
-353.32250399,-288.92733856
-351.28951558,-288.6957643
-349.17260679,-288.4740566
-346.95681607,-288.28514377
-344.51299254,-288.20517794
-342.41668612,-289.19033012
-340.68373506,-290.77703897
-339.38831592,-292.85410963
-338.60905608,-295.20567461
-338.00314785,-297.58745419
-337.55598553,-300.0453067
-337.01913907,-302.53131672
-336.29582174,-305.10880336
-335.52631178,-307.74259557
-334.69938746,-310.53274914
-333.91602272,-313.38477124
-333.24184807,-316.24828591
-332.59056016,-319.18051784
-331.96871467,-322.08903425
-331.32550727,-325.03371913
-330.659438,-327.94299114
-329.98715613,-330.83256143
-329.28834861,-333.74608828
-328.57413886,-336.62377925
-327.83733565,-339.55026391
-327.08335712,-342.42502404
-326.32324127,-345.33591853
-325.53421081,-348.23758615
-324.75654397,-351.11786919
-323.94427242,-354.05585206
-323.1320029,-356.94991306
-322.31772293,-359.84556451
-321.49642807,-362.75717742
-320.65956264,-365.69060269
-319.80888527,-368.62234178
-318.95326606,-371.52451068
-318.09409722,-374.42700137
-317.20255875,-377.36203619
-316.29761542,-380.28868376
-315.36605114,-383.19845681
-314.4304872,-386.08620315
-313.46477915,-388.99867663
-312.47423031,-391.89366863
-311.4641042,-394.78342111
-310.4190151,-397.65768018
-309.36260255,-400.51796285
-308.26733419,-403.37658705
-307.14048583,-406.23758337
-305.99569131,-409.04806531
-304.81064306,-411.88753856
-303.59833762,-414.68085826
-302.36554452,-417.45444473
-301.08114813,-420.25848655
-299.767641,-423.01892878
-298.42826005,-425.76485065
-297.07025991,-428.48482636
-295.67013941,-431.21709386
-294.24113815,-433.93829665
-292.78738913,-436.61618268
-291.32748663,-439.28341892
-289.81317868,-441.96798445
-288.29632434,-444.60821193
-286.75596765,-447.24037938
-285.18653609,-449.87483358
-283.61224663,-452.47846025
-282.00462483,-455.08502036
-280.37785075,-457.68714872
-278.73142107,-460.26095555
-277.08199902,-462.81900746
-275.39534983,-465.38254703
-273.69292755,-467.92726653
-271.97386358,-470.45138964
-270.24386545,-472.95384266
-268.48114024,-475.4645881
-266.69564977,-477.95333795
-264.89685058,-480.41979996
-263.07868757,-482.87805352
-261.22812402,-485.32106859
-259.37091476,-487.73946134
-257.48183907,-490.14164105
-255.59013614,-492.51896083
-253.67046378,-494.88492014
-251.7157634,-497.25027843
-249.73613218,-499.59346638
-247.75365881,-501.89353239
-245.75990235,-504.1847298
-243.72612834,-506.4667101
-241.69468864,-508.71912711
-239.62267574,-510.97356456
-237.52910958,-513.20196062
-235.45681478,-515.38105113
-233.34549957,-517.57918671
-231.21806592,-519.75243835
-229.08834674,-521.89793668
-226.9248353,-524.05119619
-224.75918558,-526.16482475
-222.58617051,-528.2689004
-220.37347847,-530.37536559
-218.17665058,-532.43440581
-215.96418347,-534.49613666
-213.71485886,-536.54621919
-211.49348126,-538.5616563
-209.2268079,-540.58784192
-206.96657529,-542.58085044
-204.70201618,-544.56070433
-202.41400441,-546.54055375
-200.11678651,-548.50569421
-197.81565228,-550.44793694
-195.50264646,-552.38352491
-193.19462089,-554.29354685
-190.8649855,-556.21675901
-188.53676349,-558.11228261
-186.19599089,-560.00987181
-183.85703594,-561.88484706
-181.50208743,-563.77092207
-179.14765546,-565.62909932
-176.8053016,-567.48220753
-174.42555866,-569.35095652
-172.07201293,-571.18454838
-169.70564701,-573.03065732
-167.32775352,-574.86730645
-164.96992553,-576.68790651
-162.60039334,-578.51949898
-160.22249374,-580.34961479
-157.85544597,-582.17108857
-155.47867948,-583.9929654
-153.1102859,-585.81024184
-150.74124266,-587.62997514
-148.37283564,-589.4521531
-146.01100482,-591.2727331
-143.63441137,-593.11181808
-141.26196971,-594.93664751
-138.90676668,-596.76745766
-136.52719906,-598.61238927
-134.17102593,-600.45092315
-131.78941685,-602.30372581
-129.43485593,-604.12963308
-127.06827123,-605.98576759
-124.70357607,-607.82107646
-122.36314103,-609.66351046
-119.99682511,-611.5134967
-117.64187951,-613.36057498
-115.29685431,-615.19364505
-112.94357441,-617.04701209
-110.59003999,-618.88575819
-108.2487781,-620.73565466
-105.88674864,-622.58624949
-103.55061357,-624.42636966
-101.19597844,-626.27684079
-98.85195998,-628.12130266
-96.50434314,-629.96991824
-94.15929349,-631.81680033
-91.80311799,-633.67258893
-89.45602403,-635.51203841
-87.1206329,-637.35313715
-84.76095135,-639.21223401
-82.41589202,-641.05074618
-80.06969461,-642.89898479
-77.70906523,-644.74888364
-75.37179804,-646.58042224
-73.02210984,-648.43195416
-70.66308844,-650.28047775
-68.31624588,-652.12045721
-65.96548799,-653.96353979
-63.61657964,-655.80609231
-61.26488512,-657.65126324
-58.91813483,-659.49316131
-56.55955208,-661.34621032
-54.20831715,-663.18390161
-51.87172912,-665.0220889
-49.51154428,-666.87922347
-47.15253845,-668.72717593
-44.81645946,-670.55939817
-42.46821483,-672.41296311
-40.11024064,-674.26615055
-37.7651139,-676.11110987
-35.4176728,-677.96044988
-33.07457359,-679.8090123
-30.71731147,-681.67088437
-28.37443522,-683.51416352
-26.03283684,-685.3703586
-23.67704358,-687.22934052
-21.33765162,-689.0792611
-18.99340737,-690.93456735
-16.65380456,-692.78814594
-14.29657762,-694.65490281
-11.95527467,-696.50071181
-9.61031119,-698.35780766
-7.25345988,-700.21442862
-4.89320357,-702.06947456
-2.54292988,-703.90663863
-0.19086138,-705.75104783
2.18178852,-707.59787004
4.53693902,-709.4283797
6.91528597,-711.26972877
9.28875241,-713.09628855
11.67739182,-714.9237712
14.05017946,-716.72740173
16.44633063,-718.54765021
18.84820178,-720.34794132
21.23466797,-722.13856527
23.66480163,-723.94197314
26.07571932,-725.71633297
28.50359495,-727.48932148
30.93264576,-729.2497714
33.37230617,-731.00171926
35.82158942,-732.74441293
38.27393147,-734.47582601
40.75330236,-736.20583893
43.22097799,-737.90872559
45.70175755,-739.60452472
48.20256442,-741.29806998
50.71579359,-742.96944921
53.21818493,-744.61871595
55.73665349,-746.26343779
58.25429615,-747.89033785
60.80115073,-749.52694365
63.33397966,-751.12429183
65.87323258,-752.73128614
68.439589,-754.32362442
70.98728174,-755.90198958
73.54920478,-757.46917434
76.11251986,-759.03393202
78.68051448,-760.5866397
81.25384707,-762.13814288
83.8313858,-763.67996953
86.4064302,-765.21595079
89.00428404,-766.75708362
91.58581433,-768.27385667
94.18023122,-769.79937468
96.76888769,-771.30900092
99.34391854,-772.81939417
101.96245584,-774.34494116
104.56017047,-775.84672147
107.14690977,-777.34865654
109.76021436,-778.85877617
112.36181877,-780.35124112
114.96018627,-781.84118996
117.6003326,-783.34026883
120.21996604,-784.8061766
122.84946375,-786.26743029
125.4951045,-787.72153088
128.14470603,-789.15683796
130.81287196,-790.58107521
133.49092036,-791.975288
136.16489753,-793.34963963
138.86660048,-794.7130018
141.57563509,-796.04700031
144.30813236,-797.36610619
147.03592572,-798.65014077
149.77977148,-799.92663644
152.54144728,-801.18097155
155.29212599,-802.41078555
158.06599779,-803.63582637
160.82370006,-804.83697891
163.58077619,-806.03503274
166.35374537,-807.22765911
169.12325123,-808.41682674
171.89090454,-809.59315938
174.63389098,-810.76131808
177.3808123,-811.9445197
180.13934076,-813.12687618
182.87688039,-814.30817814
185.61458458,-815.50151621
188.34730527,-816.70324631
191.07359527,-817.91743326
193.79872615,-819.14382634
196.5051749,-820.37471303
199.21812312,-821.63029132
201.93873365,-822.8879043
204.64253975,-824.14679924
207.3461665,-825.4115388
210.05310338,-826.68337056
212.76391559,-827.9560563
215.45860869,-829.22828175
218.15944333,-830.50438008
220.85887614,-831.77885663
223.55957133,-833.05181879
226.26137305,-834.32198885
228.96531081,-835.58752762
231.67138319,-836.84832472
234.38070754,-838.10192219
237.09343116,-839.34805739
239.81007212,-840.58531835
242.53187214,-841.81196185
245.25598504,-843.03054202
247.98829534,-844.24196323
250.70815682,-845.44017281
253.4428925,-846.64776571
256.19157816,-847.84607977
258.92680301,-849.03412684
261.66702539,-850.22103092
264.40756672,-851.40731088
267.14445753,-852.5916101
269.89558,-853.78420104
272.63213303,-854.96340015
275.36286635,-856.15447114
278.10801804,-857.35367814
280.84063787,-858.55964138
283.58414345,-859.76958559
286.31150807,-860.98194267
289.0325898,-862.21130098
291.77847047,-863.46322976
294.53557459,-864.72899589
297.29505137,-866.00880212
300.07250081,-867.3178243
302.86000185,-868.6437281
305.65823192,-869.99012831
308.49964373,-871.33962329
311.3830538,-872.65867095
314.30677012,-873.9308682
317.28538429,-875.13292704
320.32718879,-876.19180438
323.42623737,-877.14668972
326.57914159,-877.93280142
329.78115381,-878.57295913
333.01243009,-879.04023971
336.25600667,-879.29736391
339.5523494,-879.39926668
342.83208606,-879.27451871
346.11448047,-878.9921202
349.36702049,-878.51558515
352.58659314,-877.87769074
355.8058967,-877.11531787
358.96243626,-876.22505742
362.09957243,-875.23708722
365.1879111,-874.15362872
368.23361135,-872.97902696
371.26138344,-871.73242295
374.26170932,-870.40293543
377.2087014,-869.00116665
380.13844853,-867.55720191
383.07841221,-865.98855357
385.94590926,-864.33925257
388.75829438,-862.57107667
391.47619655,-860.58687322
394.05836938,-858.44105249
396.48609221,-856.12577199
398.63390871,-853.54843213
400.60292294,-850.86998213
402.41270974,-848.0936026
403.96536866,-845.15946786
405.40843735,-842.17723305
406.69280905,-839.18157383
407.83698591,-836.13956967
408.90005335,-833.0811053
409.86036819,-830.02499399
410.7415308,-826.94372771
411.56158111,-823.85140825
412.25272174,-820.75675126
412.86818684,-817.63055331
413.36914919,-814.49798852
413.75445218,-811.35217014
414.01964932,-808.18325251
414.16607552,-805.03257822
414.16744836,-801.8619136
414.0746984,-798.69406031
413.86674216,-795.56031133
413.55019601,-792.40857051
413.14540161,-789.27560506
412.652244,-786.15929967
412.0674316,-783.03165234
411.41958942,-779.93835649
410.65385237,-776.84660011
409.82963598,-773.77321993
408.88495837,-770.70257614
407.8492756,-767.69906738
406.73910644,-764.69181227
405.44679122,-761.73792962
404.08724746,-758.83769647
402.62036711,-755.98790421
401.01984435,-753.18715536
399.35871274,-750.43244737
397.53993532,-747.76512213
395.67180216,-745.16947349
393.68882163,-742.60790478
391.58749172,-740.14623045
389.45969684,-737.75270705
387.17894255,-735.45952289
384.83688829,-733.22646978
382.42760354,-731.10466107
379.94788524,-729.0729613
377.40372456,-727.08506035
374.78352006,-725.22532663
372.11730353,-723.40793666
369.41176313,-721.68361425
366.67317845,-720.03128244
363.89289741,-718.4233649
361.05495763,-716.9296877
358.18341172,-715.4926958
355.24234584,-714.17485693
352.29361727,-712.97508662
349.27448402,-711.87728369
346.21082635,-710.96106991
343.13747813,-710.14878021
339.98886534,-709.49808324
336.8711591,-708.97072741
333.72779731,-708.52130698
330.56972804,-708.19990538
327.43351579,-707.9186264
324.29428204,-707.71756994
321.20017956,-707.54333888
318.10283496,-707.39291722
315.03143585,-707.2480347
311.96033733,-707.10596198
308.93955595,-706.95208505
305.92628583,-706.78562338
302.91836308,-706.6074097
299.92383595,-706.42242971
296.94819162,-706.22400767
293.97028777,-706.01344731
290.99348043,-705.79703735
288.01706292,-705.56973262
285.04079047,-705.3395315
282.06516211,-705.10185416
279.08868007,-704.86192785
276.1031308,-704.61884698
273.12844072,-704.37471063
270.15277366,-704.12992098
267.17731936,-703.88664492
264.20166649,-703.6442595
261.22606952,-703.40658384
258.24930419,-703.17024751
255.26323213,-702.93735326
252.28786234,-702.70579855
249.31170981,-702.47560388
246.33431983,-702.24604383
243.36250728,-702.0167841
240.3694157,-701.7853925
237.39211636,-701.56433734
234.42352565,-701.33146485
231.44371185,-701.09566518
228.46935234,-700.85645363
225.4921339,-700.61408436
222.52191622,-700.36918785
219.52717264,-700.12098631
216.55471701,-699.88255785
213.57324863,-699.63468304
210.57880023,-699.39532878
207.60710259,-699.1593364
204.63466932,-698.92501097
201.64136037,-698.6916489
198.6432832,-698.4741765
195.65594285,-698.25705601
192.66148807,-698.06045102
189.68799449,-697.86557213
186.69960587,-697.6853947
183.72002436,-697.51307293
180.75082044,-697.35862393
177.81281739,-697.21129892
174.87891775,-697.06501752
171.9445264,-696.91901904
169.04754342,-696.78303463
166.17251133,-696.63243601
163.28788566,-696.47597367
160.4221044,-696.30075365
157.55128125,-696.10909127
154.67353734,-695.89320227
151.8013397,-695.65332869
148.91933477,-695.38558003
146.05437396,-695.08402804
143.18218415,-694.74400424
140.28032435,-694.35121058
137.41789373,-693.94391286
134.57680085,-693.43502913
131.69778729,-692.89016352
128.87809102,-692.23189135
126.06962896,-691.51047622
123.29824584,-690.64413333
120.55406467,-689.6989407
117.88848822,-688.58505591
115.24179439,-687.36007744
112.6662198,-686.0045336
110.14522702,-684.57461589
107.6608157,-683.08530031
105.19386611,-681.56023524
102.72317847,-680.02355473
100.31059026,-678.49816939
97.88754766,-676.94823361
95.46328666,-675.39520697
93.06792085,-673.84846347
90.66276655,-672.29148509
88.24806222,-670.72692713
85.83438685,-669.17048203
83.41330169,-667.60301677
80.92201734,-665.99532787
78.41127051,-664.39341933
75.86126141,-662.76757963
73.3077979,-661.16384156
70.75354432,-659.55075918
68.19554611,-657.94840224
65.65749319,-656.34999377
63.11439165,-654.7516588
60.59396349,-653.15782462
58.07257075,-651.55710156
55.55942923,-649.9430203
53.05466056,-648.32560772
50.54444406,-646.67750774
48.0519728,-645.03491463
45.60178067,-643.38486115
43.13624288,-641.70914119
40.68803751,-640.04804084
38.29376031,-638.44078818
35.93224733,-636.86281497
33.59361793,-635.35145578
31.2564592,-633.85794964
28.88700266,-632.41447403
26.51686341,-630.99587368
24.15013557,-629.49543319
21.79121704,-627.9507495
19.57963572,-626.22444242
17.44093407,-624.37149593
15.5149053,-622.34353627
13.7046223,-620.2173902
12.05303701,-617.95053148
10.48986781,-615.62920728
9.06931645,-613.22651912
7.74869259,-610.77057829
6.58900697,-608.21677756
5.55724004,-605.60690439
4.70260317,-602.94751574
3.9669165,-600.24380194
3.33412398,-597.51582886
2.76446083,-594.77547676
2.22866216,-592.01611347
1.68041015,-589.22484217
1.11428196,-586.37066119
0.50900039,-583.47927423
-0.11248829,-580.56843475
-0.75766862,-577.65060698
-1.41287469,-574.72760625
-2.07925829,-571.80118286
-2.75209355,-568.8658333
-3.42867455,-565.93393431
-4.1032576,-562.99855406
-4.77599822,-560.05790106
-5.44029201,-557.11182244
-6.09416334,-554.1770608
-6.73496083,-551.24486032
-7.358843,-548.31546479
-7.969797,-545.3862821
-8.55601264,-542.46443339
-9.13146265,-539.53284562
-9.68304808,-536.59439171
-10.2266123,-533.65478508
-10.79068134,-530.71298389
-11.37912121,-527.79205121
-12.04459262,-524.88614846
-12.82516416,-521.99533725
-13.67187622,-519.16391842
-14.35462458,-516.37442639
-14.89051449,-513.71878253
-15.15628531,-511.22130471
-15.3177762,-508.80738688
-15.44051845,-506.50307681
-15.0642033,-504.37215689
-14.39876342,-502.34431899
-13.7177365,-500.33776029
-12.72739756,-498.32126054
-10.96813071,-496.76440756
-9.04169525,-495.36675377
-6.80174637,-494.4162299
-4.4784754,-493.64787422
-2.04794682,-493.06367722
0.51258786,-492.59597462
3.1806975,-492.23862784
5.9744197,-491.96085011
8.86433595,-491.69211111
11.79732828,-491.413707
14.75826525,-491.08650643
17.72870625,-490.73177378
20.67244285,-490.33865582
23.63095796,-489.93629021
26.601753,-489.49702438
29.55638918,-489.0452553
32.49428426,-488.58284922
35.44621456,-488.12075387
38.41303529,-487.6441874
41.35730155,-487.17093293
44.32386877,-486.70121404
47.27688431,-486.23850834
50.26678071,-485.79450681
53.2749238,-485.3493043
56.32789733,-484.9378002
59.45230619,-484.5256791
62.64881643,-484.16074339
65.93847667,-483.78161747
69.30999325,-483.39276165
72.79267471,-482.86224729
76.30909142,-482.19981361
79.89115417,-481.27084861
83.41939558,-479.93703816
86.86187803,-478.30813493
90.11926662,-476.21912665
93.01607509,-473.73528113
95.56930683,-470.93621669
97.65368732,-467.77354242
99.34607255,-464.42668361
100.46682531,-460.87939953
101.22206662,-457.23397388
101.69579193,-453.61196832
101.87864875,-450.04651114
101.98353391,-446.56942541
102.001821,-443.17898198
101.96413428,-439.85708697
101.91869071,-436.61088023
101.88067393,-433.4319185
101.86833769,-430.31526384
101.87570925,-427.24318204
101.91167782,-424.2247128
101.95559994,-421.22076695
102.01579965,-418.24185847
102.07698595,-415.26189962
102.13849979,-412.30193178
102.19645008,-409.33985132
102.24802945,-406.38889255
102.29519589,-403.42983738
102.34061501,-400.47556936
102.38835753,-397.50006611
102.4368144,-394.52065489
102.4948598,-391.51564796
102.56219626,-388.47918929
102.64564339,-385.36037627
102.75071434,-382.16021317
102.86721281,-378.85581192
102.94075873,-375.45041336
102.92553256,-371.94907644
102.81341771,-368.33852359
102.41255407,-364.63953196
101.69616224,-360.86862218
100.62807595,-357.06701697
99.00523528,-353.54573901
96.95061786,-350.28042526
94.4316995,-347.39052837
91.476296,-345.00036752
88.28383711,-342.96797844
84.87840585,-341.47291876
81.31807745,-340.34204691
77.76509206,-339.50209791
74.2577609,-338.92898533
70.80834381,-338.49320963
67.43787989,-338.09108757
64.15526522,-337.69713814
60.9683951,-337.28513661
57.79422876,-336.86796995
54.65711196,-336.48904919
51.54474295,-336.1439492
48.4266571,-335.85981133
45.32111878,-335.65392576
42.22902974,-335.5010494
39.13835488,-335.4149285
36.0555598,-335.39000484
32.97969041,-335.42261114
29.91841401,-335.53358594
26.84760374,-335.68698774
23.80848378,-335.91751301
20.78609504,-336.17960675
17.74197985,-336.50362379
14.74212214,-336.87609784
11.7319246,-337.27497882
8.74636454,-337.72605825
5.76045653,-338.18420023
2.77585394,-338.68146454
-0.18917769,-339.1835927
-3.16426959,-339.70443765
-6.10545205,-340.2234218
-9.06584576,-340.73493309
-12.03095444,-341.25040137
-14.9648156,-341.74767336
-17.92704593,-342.22945662
-20.8712347,-342.70624846
-23.81878495,-343.15974905
-26.78394499,-343.61446789
-29.73257247,-344.05823548
-32.68915739,-344.4907937
-35.64454879,-344.91825108
-38.60179749,-345.3345986
-41.56369004,-345.74762814
-44.50852898,-346.15032915
-47.46924223,-346.54072915
-50.44450023,-346.93924324
-53.40165409,-347.33029536
-56.36531337,-347.72023676
-59.32777081,-348.10730619
-62.28850805,-348.49419086
-65.25574823,-348.88310694
-68.20118916,-349.27110911
-71.16280757,-349.65537471
-74.13951987,-350.05879224
-77.09366552,-350.46343482
-80.05333581,-350.88099604
-83.00825697,-351.30310377
-85.9664528,-351.74380205
-88.90010107,-352.18888293
-91.85593429,-352.64745739
-94.79351234,-353.13084251
-97.70417239,-353.61069625
-100.65928212,-354.12425701
-103.57595723,-354.64860177
-106.47268118,-355.17481871
-109.406603,-355.70826823
-112.32596074,-356.25239973
-115.25992335,-356.79168195
-118.18660271,-357.3309677
-121.11109677,-357.85116195
-124.07977882,-358.36937073
-127.01756602,-358.87186958
-129.9534414,-359.35438561
-132.90436843,-359.79885878
-135.8601214,-360.23088082
-138.82004636,-360.62168846
-141.76681512,-360.98882157
-144.6904102,-361.30852195
-147.57967645,-361.57785838
-150.45785882,-361.80775094
-153.31742579,-361.97967389
-156.14309823,-362.12422026
-158.95499537,-362.17993394
-161.75833636,-362.21333781
-164.5773921,-362.1411772
-167.35471164,-362.05193286
-170.12537293,-361.83194223
-172.92701247,-361.58220432
-175.68509839,-361.22348203
-178.41356453,-360.81473649
-181.15903548,-360.29683186
-183.89822112,-359.74351261
-186.58271975,-359.10765228
-189.26792906,-358.38915248
-191.9515804,-357.56376368
-194.56755768,-356.63832197
-197.11947896,-355.55180346
-199.6031394,-354.30505263
-201.9965215,-352.88238616
-204.30030764,-351.33420693
-206.51459792,-349.63946115
-208.67150936,-347.85769006
-210.70568619,-346.00100265
-212.70965957,-344.04947287
-214.64645469,-342.03877278
-216.47699023,-340.00268081
-218.25634204,-337.86777438
-219.96494623,-335.69801173
-221.58541971,-333.47385616
-223.16338763,-331.17732054
-224.65383768,-328.87977057
-226.09017199,-326.50892494
-227.50866099,-324.09415956
-228.86694737,-321.65006704
-230.22589503,-319.13996039
-231.57886508,-316.55694346
-232.94646086,-313.92931217
-234.30451444,-311.29051561
-235.66699483,-308.63359878
-237.05487004,-305.96688113
-238.44950091,-303.32451056
-239.87259372,-300.67803998
-241.31508025,-298.05560805
-242.76747502,-295.43466948
-244.24425913,-292.81893662
-245.71515573,-290.2149724
-247.19818566,-287.6058533
-248.68856305,-284.99133086
-250.18101617,-282.37677426
-251.65307802,-279.78204859
-253.11855058,-277.17109168
-254.57592649,-274.54545305
-256.0086638,-271.9361842
-257.44071799,-269.28590375
-258.87151762,-266.65015329
-260.27844528,-264.03094612
-261.68343169,-261.41084441
-263.08503344,-258.80160031
-264.48363295,-256.20283179
-265.86809828,-253.63664418
-267.26346116,-251.06081275
-268.66536483,-248.49883464
-270.08404593,-245.9407433
-271.50731069,-243.40431418
-272.94673033,-240.85702963
-274.40076703,-238.30966967
-275.84066146,-235.78463908
-277.27845255,-233.21522286
-278.70101741,-230.64639883
-280.06099149,-228.06293371
-281.39745065,-225.46604151
-282.6216599,-222.83039649
-283.806231,-220.16827416
-284.86334741,-217.46422022
-285.84071397,-214.73157179
-286.66594215,-211.98193514
-287.36431447,-209.19264346
-287.9494495,-206.37411545
-288.40115085,-203.58309468
-288.79008827,-200.78411779
-289.09924641,-198.02723009
-289.38082151,-195.31569338
-289.63671939,-192.667812
-289.87995623,-190.08234108
-290.1513581,-187.58695613
-290.41767227,-185.13913526
-290.69687205,-182.73736688
-290.9848062,-180.29210022
-291.07480093,-177.77700959
-290.87476817,-175.34431118
-290.36990047,-172.92412009
-289.17027587,-170.7767573
-287.78481219,-168.72293858
-285.85226248,-167.11714693
-283.77453251,-165.70244933
-281.51417473,-164.5815151
-279.16839253,-163.73324191
-276.70785447,-163.179964
-274.20447182,-162.86195926
-271.66187826,-162.66120073
-269.11644366,-162.5595942
-266.53841954,-162.4448302
-263.84825435,-162.28152627
-261.06563121,-162.06695738
-258.18517506,-161.78006297
-255.25669687,-161.44773724
-252.31532804,-161.07402079
-249.32930311,-160.65841723
-246.38534902,-160.2115054
-243.43876983,-159.7463373
-240.48227972,-159.25888322
-237.53660178,-158.7674203
-234.58405197,-158.26347132
-231.67253228,-157.7762002
-228.69614587,-157.2887451
-225.74810543,-156.80750234
-222.79385238,-156.34731043
-219.84551111,-155.88875287
-216.89262206,-155.45322699
-213.94303857,-155.01507478
-210.97917186,-154.59656094
-208.02162464,-154.17332665
-205.0673838,-153.76706294
-202.10982557,-153.35481404
-199.15878104,-152.95671587
-196.18360646,-152.54975161
-193.25519235,-152.15801619
-190.26802744,-151.75900361
-187.31874605,-151.35355118
-184.36315177,-150.9548774
-181.39773737,-150.54340401
-178.4389464,-150.13868095
-175.48470487,-149.72140917
-172.52875774,-149.31180448
-169.57696811,-148.88919829
-166.61267549,-148.47476324
-163.6555602,-148.04714848
-160.70388258,-147.62871032
-157.74482548,-147.19721952
-154.81111008,-146.77855481
-151.8256822,-146.35073787
-148.88145,-145.91649214
-145.92558758,-145.48996409
-142.9760655,-145.0528277
-140.0132687,-144.62467191
-137.05816455,-144.18541761
-134.10653799,-143.75630126
-131.15318079,-143.31646162
-128.20355455,-142.88709438
-125.24058896,-142.44720372
-122.28746062,-142.01749402
-119.32860819,-141.57735947
-116.40197991,-141.15198769
-113.42519079,-140.72082061
-110.46950692,-140.28447318
-107.51233512,-139.85757825
-104.56031068,-139.42204031
-101.60777223,-138.99774756
-98.65101565,-138.56403194
-95.69501765,-138.14187275
-92.73964893,-137.71049881
-89.78404037,-137.29070727
-86.82775377,-136.86183787
-83.87352367,-136.44463987
-80.91076916,-136.01797369
-77.97875823,-135.60618364
-74.99791443,-135.1904807
-72.04766913,-134.76943388
-69.088937,-134.35983084
-66.13225533,-133.94149525
-63.17471843,-133.53526894
-60.21711949,-133.12074834
-57.2592894,-132.71781125
-54.30111557,-132.3073506
-51.34295184,-131.90800001
-48.38381257,-131.50185224
-45.42662316,-131.10706
-42.46130482,-130.70416013
-39.52464278,-130.31668002
-36.54219516,-129.92577035
-33.58819084,-129.53136225
-30.62577283,-129.15163282
