-31.6257728342348,-131.651632818771
-28.6704365103631,-131.222480546944
-25.7145508627192,-130.803258720799
-22.758799134014,-130.374154646822
-19.8030192881739,-129.954946214861
-16.8472566984269,-129.525739967568
-13.891453107218,-129.10662932758
-10.9357579295291,-128.677431614573
-7.97958301481795,-128.258324605044
-5.0236928425171,-127.829203003903
-2.06804557791299,-127.410112154683
0.888182523275777,-126.980954093348
3.84254696456557,-126.562031868525
6.80380014598753,-126.132229724488
9.73937009848638,-125.715659058549
12.7157096970354,-125.294134365492
15.6662650918476,-124.865689641874
18.6234171709604,-124.446408384556
21.5789053609031,-124.017337682491
24.5345237805054,-123.598351280352
27.4913094698945,-123.169217044237
30.443404539242,-122.751079106673
33.412927181525,-122.321604462343
36.3656564621716,-121.896417757268
39.3203591878606,-121.47387310403
42.2836770793562,-121.054353228774
45.2612548049457,-120.627742623027
48.221316871271,-120.198540162949
51.1854503258405,-119.77442910473
54.152548309308,-119.345104163188
57.1033791674109,-118.92313835041
60.0658083008503,-118.50426838367
63.0446335433565,-118.077384323616
65.996339529449,-117.64820597651
68.9464968914107,-117.232536547558
71.9286067122866,-116.805013203505
74.8778012322177,-116.374821110376
77.8306676181971,-115.956105560332
80.8036170318413,-115.526032203188
83.742185252577,-115.102125430104
86.6980316204281,-114.686363000136
89.6670799077681,-114.259296706384
92.6191360696447,-113.834805777477
95.5749702805824,-113.409751321832
98.5310153245502,-112.984564244045
101.481848729583,-112.559956663381
104.447744334822,-112.134344754285
107.388411572258,-111.710993263285
110.340588160438,-111.295834506476
113.304441698781,-110.869045824029
116.262856277888,-110.444447791699
119.218578787227,-110.018760698593
122.16803066413,-109.594008198093
125.130227280529,-109.168745392162
128.085186250432,-108.743070760018
131.033864330606,-108.318231152296
133.999635813966,-107.891727858094
136.940440209965,-107.467042285202
139.889612189523,-107.049292752059
142.865057325372,-106.617924092774
145.81505023662,-106.186317116065
148.764633806415,-105.75224323018
151.723712879441,-105.315413253546
154.675121151009,-104.875293812926
157.622234219192,-104.432578051593
160.580766051577,-103.984191896254
163.531420241047,-103.531951604805
166.475978517658,-103.073844257243
169.432333569443,-102.610313575241
172.380273201822,-102.140076818802
175.32233550865,-101.665254791544
178.276532148021,-101.18576808317
181.221853996346,-100.703586549675
184.165697561786,-100.220815946731
187.106521685204,-99.7412238243346
190.060689283065,-99.2650666110716
193.009764785736,-98.7943579224586
195.953590714887,-98.3324166591784
198.911597081577,-97.8798624801356
201.86418202737,-97.4402757716748
204.81745884834,-97.0129308050105
207.796612332125,-96.6035739290048
210.793265997662,-96.2059162770192
213.814341549661,-95.8302342380473
216.875942151511,-95.464291975152
219.987576098033,-95.0921190788076
223.126270784782,-94.6825203477934
226.32068542413,-94.2267377551771
229.54492428826,-93.6525847357776
232.789750530186,-92.9296574983486
236.05151718665,-92.0654369452871
239.293573925238,-90.9575649251122
242.486827566442,-89.6016819055727
245.622351507623,-88.0127263348351
248.616597868064,-86.1363280890758
251.489109752239,-84.0330701781828
254.201812222573,-81.620868096685
256.671286643326,-78.9524897779491
258.977718507373,-76.1012841565362
260.963020886502,-73.0173800104716
262.692386207449,-69.8575808075121
264.23670425507,-66.6041946880061
265.390191139898,-63.1977480345524
266.318821580708,-59.7671082920618
266.926668456982,-56.3337062566822
267.195168016875,-52.8329699689803
267.242375387499,-49.3754157197189
267.027476405808,-45.9726163765336
266.648887760613,-42.6159519906034
266.18237656894,-39.3351845807185
265.57422300619,-36.0891609010174
264.911540592727,-32.9319495887157
264.198825278878,-29.8144229051083
263.419132483499,-26.770239328843
262.647180355567,-23.7824315090949
261.835455042471,-20.822842797061
261.034488522723,-17.9050984483113
260.232250102731,-15.0148116417227
259.452484557964,-12.1252773374493
258.674945195428,-9.23657019016445
257.949101198048,-6.36538344071912
257.2337225085,-3.47220996567726
256.550344119232,-0.574909410295848
255.877635876368,2.32531318633598
255.219427079184,5.23062072178963
254.573090412691,8.13650506665421
253.929143908329,11.048924131388
253.297828919955,13.9444793798986
252.670212790688,16.8539451218612
252.030369584189,19.7754463845339
251.388928035294,22.6808815103414
250.745087509807,25.5830189291454
250.090038996369,28.5024671246641
249.429155427011,31.4017184663788
248.769662352763,34.3000070088852
248.09721944493,37.2152754202247
247.4190671726,40.1091170125798
246.744019687633,43.0042916813429
246.052993271757,45.9100179174111
245.355977178949,48.8164260617895
244.651322749303,51.701841885354
243.944860675127,54.6050398265759
243.218887017142,57.5058669499507
242.499946520483,60.3857806127719
241.769205604202,63.2884243042652
241.036486847409,66.1706326113884
240.309471261771,69.0522052109521
239.573802080839,71.9528221725888
238.83846313956,74.8354857891233
238.110615095995,77.7169782989976
237.375225260432,80.621843669046
236.646219347272,83.4912329717381
235.933962127777,86.3804875755674
235.20857925158,89.2853115540143
234.505969669918,92.1680358200103
233.798506581448,95.087232661512
233.095416456474,97.9899803576839
232.40994247973,100.884178754533
231.72965703162,103.789944393319
231.056357948741,106.70352974213
230.389696322427,109.605794430962
229.731117815512,112.528330416962
229.07036734225,115.460327777146
228.411254829544,118.426183801486
227.748498909609,121.405878727103
227.097828732435,124.416572349227
226.420525534322,127.477497393029
225.727567329812,130.539094308907
224.98318558821,133.602571001766
224.171782394121,136.699124131537
223.267823126982,139.759593548914
222.254753703776,142.792913432225
221.150869367635,145.81869521487
219.861015336602,148.809068756916
218.490353517634,151.707504696152
216.962053573624,154.597275264051
215.287414965816,157.390902837413
213.510568178894,160.13519105944
211.534453573766,162.770036588881
209.483280913759,165.30879127263
207.261538129721,167.773724340037
204.963970322147,170.087835223944
202.571773205582,172.355303314205
200.067441163092,174.439019790216
197.526467836533,176.454936613426
194.850141010256,178.354968306655
192.126928508785,180.112654683009
189.356817866661,181.775909295209
186.467387573876,183.260528922336
183.545775363029,184.639488776926
180.572842737848,185.86711395343
177.565197422248,186.975473465334
174.560878838257,188.016742679098
171.510347241495,188.956549672076
168.510320474796,189.850618449077
165.495469905185,190.729531133777
162.49149667244,191.593888455703
159.519825302238,192.45108077661
156.571757286064,193.329609223817
153.627506165406,194.216100455748
150.707450937667,195.121440879538
147.782282672306,196.030463343568
144.895950707231,196.937023566899
142.016255471047,197.85601722589
139.154901519242,198.776186078101
136.282845874859,199.708213550967
133.440499516779,200.623051128379
130.617221770956,201.543326107906
127.818489801307,202.445415811916
125.059302891219,203.344973456143
122.311290734884,204.228456993317
119.613678649025,205.099466941648
116.909186200966,205.971903419967
114.250280290883,206.837145128763
111.587918131327,207.734215393374
108.912827780073,208.644824331103
106.291778214453,209.574801970531
103.641107767055,210.549716507135
101.017832945884,211.564613597273
98.4160479066041,212.622313949858
95.8171558087947,213.747449358904
93.2470451870277,214.919850284173
90.6977633287802,216.151180434904
88.1953085678833,217.42974569275
85.7021691621554,218.78034090972
83.2463435406925,220.179213457588
80.8225838194833,221.635797624532
78.4296034525786,223.149236845708
76.0903210118955,224.705072892904
73.7595932590019,226.348467935012
71.4852008043146,228.015276013444
69.2542112619504,229.758588609065
67.0538831633584,231.548930747256
64.9060643639631,233.403210137048
62.8009203132417,235.298959539914
60.7620422948582,237.2478961019
58.7646531892421,239.263278007513
56.8218927984677,241.320272014724
54.9261103900246,243.438223191939
53.0819767268766,245.588889179573
51.2940402963245,247.787836537143
49.5537030026149,250.02390688657
47.8710660520712,252.304256822927
46.2257778482044,254.638752823794
44.6405101841153,256.995558336753
43.1068507692791,259.3953886722
41.6233372692248,261.839488516992
40.1921141271509,264.309942174315
38.8226466338481,266.806487487742
37.50177003492,269.347150919586
36.2439049117033,271.909834720471
35.0429340304412,274.514354377129
33.8973037387473,277.149928743681
32.8164928110792,279.805551527476
31.7973055809844,282.482803243164
30.8454033511468,285.191550733632
29.9565659267459,287.93205849695
29.1421157699346,290.682272874113
28.394158399331,293.471307900991
27.7256957815845,296.262759629979
27.1290843811863,299.085932474482
26.6176943666404,301.919232826602
26.1777387331706,304.768303027733
25.8295263833594,307.624182504382
25.5460234621696,310.483525336936
25.3557834447966,313.356630232526
25.2233610616687,316.235389749486
25.1780584334673,319.111903208846
25.1906541726959,321.984092678918
25.2778573620734,324.860221623756
25.4232981090715,327.723648756558
25.6343105162616,330.589164514759
25.9051475497849,333.441566731209
26.2323587374947,336.29177578687
26.619599487341,339.134520760469
27.0558208710273,341.960537885694
27.5545851494444,344.773095801081
28.0955061141546,347.580903564861
28.6968612793221,350.38081520716
29.336526694446,353.173520784698
30.0331135954925,355.949325016704
30.7710341967558,358.713422951514
31.5513995813752,361.490932567702
32.3653688801672,364.260232506254
33.2095138566031,367.023983652771
34.0867859610056,369.794172359353
34.9866704010905,372.587047771757
35.9061190766328,375.366785523032
36.8458856717714,378.179370622353
37.7927431843766,380.998874425887
38.7445535075677,383.824721052386
39.693325530994,386.657970654801
40.6374509114371,389.502354388717
41.5709324452525,392.35338044226
42.4945284735163,395.219895268269
43.4053334889027,398.097286363366
44.3008113776267,400.98199067561
45.1809136491296,403.893263965549
46.034326150805,406.788088816499
46.8692653616583,409.712498450055
47.68060015417,412.645316096029
48.4622143505743,415.581961986841
49.2191255020294,418.525937847274
49.9424430973862,421.483841973666
50.638891318215,424.447390968443
51.2995979582951,427.43383310562
51.9241702236845,430.428732641432
52.5195145312261,433.419964008709
53.0843985579593,436.423900720777
53.6228237149334,439.439375574721
54.1291237845023,442.452943271509
54.6134305826711,445.480421146383
55.0671079498971,448.505643329678
55.4961782177697,451.539974988348
55.9033487131561,454.573751044932
56.2866280913889,457.609507323154
56.6520572330973,460.640246766488
56.9937133844748,463.686818927071
57.3184234563529,466.713100173577
57.621161496801,469.757867644673
57.900428165923,472.792837513571
58.1617038898016,475.828585930653
58.3986201459741,478.876061529885
58.6147841433201,481.90507957082
58.8067887691579,484.947918295739
58.9777599648735,487.989567697499
59.1208936295404,491.024101937203
59.2397113839605,494.063850741753
59.3335785230696,497.110431138
59.4005908775936,500.141843690157
59.4442576050741,503.176027147486
59.4582063195333,506.21717641593
59.4487999794971,509.245773668603
59.4088029704994,512.284959226202
59.3402953834026,515.311619089505
59.2488240779534,518.34379346796
59.1315123161959,521.375879193609
58.9938649499195,524.397059154452
58.8321599961422,527.423909551736
58.653813801028,530.438092781104
58.454486875895,533.461825441892
58.2372354738553,536.473503074177
58.0050619396323,539.481236234618
57.7568831542827,542.497831072429
57.4969576936471,545.502383875502
57.2243328495139,548.506198089069
56.9410964544801,551.506276024257
56.6491931463947,554.504139939905
56.3468886493111,557.503612899464
56.0365363846878,560.500887989952
55.7175035359388,563.484012272052
55.3928020917267,566.475992310025
55.0592861417432,569.469887038074
54.7207851970083,572.448142719979
54.3759408652515,575.438780397337
54.0237189127813,578.419731410836
53.6676249714561,581.39460197749
53.305410722952,584.381560609129
52.9396924528093,587.360402889615
52.5687968642517,590.339712015452
52.1935047690962,593.320683401566
51.8159651475144,596.290981367335
51.4352532231937,599.273661861793
51.0511909452198,602.260143863005
50.6651874172265,605.234284999717
50.2779835186642,608.21770704182
49.8898160930064,611.192515779397
49.50058213564,614.164077913022
49.1116602320912,617.131928812271
48.7233947064746,620.098059308907
48.3350134170327,623.06370454699
47.9466413869008,626.025640502119
47.5598517195358,628.98474049393
47.1733615327584,631.944545570906
46.7887604540118,634.890562784784
46.405439519936,637.843506988253
46.0221998342179,640.807868599609
45.6413393698119,643.760596387048
45.2627048435834,646.71285590716
44.8850539933132,649.66496806972
44.5108991161775,652.616118884286
44.1374273559878,655.578810907401
43.7673950592244,658.536052770274
43.3988566687791,661.489213867939
43.034314933677,664.457439313519
42.67092963279,667.416157282196
42.3119327941142,670.384276462251
41.9546226505612,673.346017195096
41.5990939071934,676.31550944842
41.2462491174682,679.276969575051
40.8957683266907,682.235465456789
40.5455071424944,685.208056338947
40.1961519385746,688.168976715612
39.8478025931833,691.138233591532
39.5003810440571,694.101439481703
39.1523286487233,697.061578325363
38.8038970791273,700.033192889507
38.4552033555237,702.992801273413
38.1062517987776,705.963655378374
37.7551459315833,708.925731924061
37.4026716511542,711.895788306163
37.0482829080423,714.85668719503
36.693276767981,717.815961626097
36.3332806499228,720.78748118439
35.9732426011267,723.745945601876
35.6080449746024,726.717995793427
35.2397598798787,729.681516797321
34.8681380565033,732.640225718144
34.4930021815454,735.613073948384
34.1135760021695,738.578982713201
33.7317173634684,741.538659973842
33.3486756380919,744.513072986863
32.9612542936023,747.481263423614
32.5739436326334,750.446373960573
32.1846290521223,753.41628009156
31.7943601212855,756.387588027872
31.4044982537132,759.362870252884
31.0131896539606,762.346802293234
30.6232563464108,765.322635602908
30.2346837166324,768.317443568709
29.8452088580947,771.316881379207
29.4599811632102,774.311917468435
29.0757974755876,777.331264807061
28.6970707890193,780.349646862909
28.3238704970907,783.382416842609
27.9536268022432,786.443788245571
27.5951258046075,789.514511327799
27.2392537246123,792.621202664506
26.8951948179316,795.760215780934
26.5630951527985,798.927504729319
26.2358465255301,802.165321385962
25.9268502103027,805.469188681171
25.6081345168229,808.851507854701
25.2620754793384,812.316283424603
24.7316925625293,815.823416576293
23.9929687492458,819.386310288074
22.8373037791317,822.891304161865
21.2755633340185,826.282963171654
19.3380406962045,829.600819174414
17.0264222358137,832.697563636634
14.44914296844,835.720138654053
11.5141597885705,838.567257982603
8.29755981601407,841.18443673674
4.83682558153989,843.596703001462
1.06294306267078,845.792485307874
-3.10270844194022,847.562791111688
-7.3443277590695,848.923129350886
-11.7932964882239,849.91555485525
-16.3936604303815,850.380350544158
-20.8139055088456,850.346611153438
-25.3319188086314,849.858115464295
-29.6357731532359,848.712340579628
-33.6203941254846,847.391685138083
-37.4447442257423,845.629312064525
-40.8773254151731,843.354985837691
-44.0011213852296,840.712571181245
-46.7673341304491,837.716559173255
-49.2627954557669,834.680365709574
-51.4805444924444,831.60257543233
-53.2300264748989,828.279545494118
-54.6525533330437,824.875307155952
-55.8401022006805,821.497651682917
-56.8799105097609,818.187840680076
-57.9057809772056,814.994741790205
-58.9214491501559,811.884802089877
-59.9474214313282,808.848996847593
-60.9656521966136,805.860502502041
-61.9860379750062,802.911874118545
-63.003529232986,799.990593070693
-64.0180518553839,797.078688867952
-65.0200796867618,794.187808523645
-66.0163253757556,791.296769061015
-66.9913992499216,788.410104287663
-67.9475413829512,785.529778778105
-68.8834399233682,782.651778910821
-69.7904872157424,779.763731867132
-70.6844710110233,776.890224298835
-71.5446873171961,773.997228494687
-72.3949665425468,771.124388514691
-73.2175924216027,768.239345007763
-74.0279521046372,765.369571179365
-74.8221166584369,762.479297163179
-75.5965655819332,759.599224058454
-76.3631436281213,756.720425517291
-77.1119126617888,753.822416680668
-77.8533383710259,750.932530837458
-78.5772064165749,748.042089515274
-79.2967238101216,745.139583237667
-80.004362484563,742.233489925522
-80.7021358098974,739.331219078369
-81.3946168655532,736.433390737845
-82.0807987899984,733.518982278527
-82.7623656861982,730.613331235922
-83.4453256150411,727.710951091579
-84.1301259537139,724.799040116143
-84.8240043784707,721.893367669907
-85.5257844037508,718.991715318702
-86.2405174527966,716.10335138299
-86.973989570847,713.212057006961
-87.7213173143615,710.33859930649
-88.5012040541068,707.468963496521
-89.2930342097118,704.603907508357
-90.1273792762319,701.748089437844
-90.9742811128681,698.895890583192
-91.8512733918791,696.061024781419
-92.7451661321973,693.223968731431
-93.6575141611324,690.391126543801
-94.5855003037801,687.564134869245
-95.5242188711734,684.746148554314
-96.4761740624868,681.928633581366
-97.433793073857,679.11236914098
-98.4004560591715,676.294927271948
-99.3691379402439,673.474507361377
-100.336809355631,670.659358055552
-101.304909386885,667.852816239849
-102.274609678214,665.033635763154
-103.242004435174,662.207754235885
-104.205314735173,659.39993288832
-105.171026356641,656.588398913986
-106.13496967978,653.769177467501
-107.101894826332,650.94571443666
-108.061382434938,648.128852040658
-109.023293865236,645.311569150762
-109.98638722915,642.486770145403
-110.941856917468,639.673945500685
-111.908176215228,636.836374925255
-112.861641943424,634.007548871629
-113.810296657648,631.213106029482
-114.778081560575,628.382066156798
-115.739017599095,625.532222932914
-116.683379214536,622.725996427356
-117.639196395806,619.918050063877
-118.600048279166,617.078640547696
-119.556068933527,614.248189310697
-120.509161755859,611.421211381215
-121.46260108093,608.599643527548
-122.417530833701,605.759352772905
-123.366421828279,602.934921532145
-124.318964584808,600.107103772374
-125.265983174013,597.284187556084
-126.223521059449,594.458056681853
-127.179008727746,591.616504219566
-128.128848611431,588.781469892626
-129.077369025342,585.949500494364
-130.020847686505,583.141890343496
-130.979364165407,580.308005080538
-131.933150936869,577.467778031023
-132.881889379204,574.631930121324
-133.829581083448,571.799278276294
-134.771484765844,568.993570674376
-135.731911825249,566.151978639929
-136.683260079352,563.307229471046
-137.629639521879,560.487613628172
-138.579958945301,557.645980546104
-139.527047943256,554.814848373323
-140.469099584444,552.009010124665
-141.429772254397,549.167631181375
-142.381904700624,546.322416630165
-143.328357505959,543.504821654903
-144.281780412108,540.656918601855
-145.221951164987,537.850362671353
-146.181994679019,535.024724409535
-147.138139242111,532.172121177916
-148.085379852165,529.357259810275
-149.040768365701,526.508817457151
-149.9816045767,523.704397240978
-150.943164027353,520.874166850599
-151.891636608424,518.037539133564
-152.841479675766,515.22905901006
-153.791242021865,512.400587273528
-154.742361872342,509.598429142642
-155.702834779976,506.758913975466
-156.649745386677,503.952518355921
-157.614280218708,501.117528863113
-158.565178874976,498.289244689309
-159.517254123255,495.494465621931
-160.487564345957,492.634045961988
-161.436607697946,489.805319998524
-162.387677681308,486.999813869502
-163.348521906741,484.17453777377
-164.30926945962,481.339535803024
-165.268429623026,478.508898536589
-166.225264542262,475.684488329996
-167.183936141339,472.864667554305
-168.14540653178,470.025979876382
-169.101094345131,467.203706192508
-170.059589888237,464.382539315997
-171.019599463201,461.545979073128
-171.977421520419,458.71523977222
-172.932961648566,455.89028843968
-173.889925300745,453.069899288377
-174.849579588583,450.230650817774
-175.803429321789,447.4075700738
-176.75965499612,444.586244920556
-177.718270833914,441.746944581833
-178.671603551362,438.92320949713
-179.626877338749,436.10313040328
-180.587161070419,433.258596353632
-181.533783359927,430.454253777597
-182.50000580193,427.632320639534
-183.464642856207,424.776280802709
-184.419422592155,421.950157417913
-185.374678181956,419.123554977578
-186.331614439195,416.303557095488
-187.29213614525,413.464553297515
-188.247698726449,410.642026500102
-189.20648289115,407.821564002519
-190.168776464698,404.983562324912
-191.12647733163,402.161269702624
-192.087153315999,399.343009012305
-193.053752117244,396.50071523144
-194.007646286523,393.698595045716
-194.981809199211,390.88001988183
-195.95606681097,388.024880362701
-196.917697178739,385.209997553195
-197.885164473875,382.391023567001
-198.855430438041,379.555979097651
-199.82116707079,376.736768087103
-200.78997206793,373.919761751315
-201.762138698814,371.085029446093
-202.72919044602,368.265988986571
-203.698662896664,365.450747042899
-204.673281676656,362.610959390791
-205.634108097671,359.811748258977
-206.614335462691,356.994600743323
-207.592814500799,354.142894124141
-208.560637673853,351.321278020646
-209.528365961186,348.49899744323
-210.496752385255,345.682911594915
-211.467746629404,342.84727774368
-212.43234286488,340.028004332414
-213.398977118909,337.210237521281
-214.367615365451,334.374077557443
-215.329491595843,331.553795056033
-216.293244878014,328.735182096015
-217.258324178496,325.897373094357
-218.216404022516,323.077384318956
-219.177680151759,320.252074805997
-220.132217401689,317.432542133549
-221.096067776079,314.609715700183
-222.057709475666,311.768159623528
-223.011643961745,308.935183932158
-223.963682688326,306.100947840955
-224.912350297956,303.274154377748
-225.861095418556,300.45091057177
-226.812013714206,297.608464966072
-227.755813296398,294.782636041354
-228.702278502187,291.955845998027
-229.647494458709,289.119934060163
-230.597841356068,286.265416762804
-231.529168615028,283.435709282664
-232.464831278483,280.629244734314
-233.411351823543,277.779852423482
-234.349355899363,274.953054792985
-235.290680518335,272.125541200346
-236.233085409407,269.283600273093
-237.173861220017,266.44552219172
-238.110367435923,263.619703444549
-239.056733412184,260.774521130263
-239.989060105261,257.931211225903
-240.92223460823,255.115595505591
-241.865490734133,252.270520450083
-242.80196553268,249.446662444341
-243.74950315106,246.60145129046
-244.683111605135,243.7593478105
-245.618883354012,240.942300508499
-246.562241355621,238.104706823114
-247.510085250176,235.257287804817
-248.44297648629,232.436376218609
-249.390367196237,229.595897612296
-250.328421536687,226.756567509675
-251.267693600511,223.946936405328
-252.22544628544,221.087084337494
-253.161158910331,218.266271992304
-254.113448362059,215.442227598489
-255.058649641892,212.602369808586
-256.010940675806,209.778633005172
-256.965178417805,206.922861209178
-257.90521739146,204.114954787512
-258.864313551091,201.28450588038
-259.822204124597,198.43229594014
-260.766493476094,195.625551571826
-261.729665907041,192.79522235704
-262.690043161532,189.949120031659
-263.643666033448,187.1256134298
-264.600852969823,184.296514558996
-265.558206212993,181.469748133213
-266.517395348893,178.641283226958
-267.475517790991,175.819449516038
-268.442322199164,172.97485353949
-269.394000626011,170.149030406227
-270.350844881559,167.34047875548
-271.322439041677,164.480986241369
-272.273241388742,161.666647946841
-273.237353945942,158.845212045416
-274.201726644203,155.995807790614
-275.157189836394,153.166052853334
-276.112718100309,150.34831161559
-277.073803156672,147.517005684291
-278.032839835505,144.684093827311
-278.991398782724,141.865478452109
-279.958676871751,139.012742583333
-280.909002653667,136.193911016508
-281.870340878226,133.364876500245
-282.829519142392,130.524262127424
-283.784048397568,127.691616927679
-284.739635012702,124.857348314166
-285.692420822833,122.036118375275
-286.653985742909,119.19970357314
-287.608680701064,116.347737236497
-288.556051976541,113.521242955315
-289.504623426912,110.695253962223
-290.462683962496,107.843808136168
-291.409393422839,104.990010715364
-292.351002925447,102.169367793433
-293.295943914778,99.3346268644775
-294.246749167658,96.4864260636891
-295.18662410865,93.6331005271631
-296.116791341152,90.8047975238078
-297.050834642397,87.9492697010546
-297.968184484665,85.0888834735352
-298.872454333142,82.251896263366
-299.770553117146,79.3839803696525
-300.654419629136,76.5140560421909
-301.511997927497,73.6618221538596
-302.371890674764,70.7813805963468
-303.209263148407,67.8979740534052
-304.031778516338,65.0355355593577
-304.854149182001,62.1454237272544
-305.657469925024,59.2540177958464
-306.451511080025,56.3771858746406
-307.235919089123,53.4997416942924
-308.025918546532,50.5939979215054
-308.790225360144,47.7179524052529
-309.569759897703,44.8150496711428
-310.327848941627,41.9056019645211
-311.079341634774,39.0445520189938
-311.846024428615,36.1286964045777
-312.592839645628,33.242707664624
-313.350828294187,30.3552058891804
-314.106668906105,27.4435580393686
-314.855455093778,24.5623128448206
-315.615353872672,21.6537810542709
-316.363358954516,18.7624740900319
-317.118161630277,15.8949457431531
-317.890542357155,12.9851282106053
-318.647934487148,10.1036956911062
-319.423232417047,7.21851706630114
-320.193622358094,4.3291824202866
-320.972852140996,1.46845455030969
-321.769011623952,-1.43246345120391
-322.554194182794,-4.30842554511801
-323.353106518645,-7.17404191364958
-324.156194872299,-10.0363710546167
-324.981350729652,-12.9094564748798
-325.800110606863,-15.7813913779542
-326.633676232424,-18.6350191185403
-327.472719515113,-21.4910614382251
-328.327291252409,-24.3367959227184
-329.193291954287,-27.1997743276921
-330.05984255745,-30.0448526665607
-330.93661802979,-32.869570460543
-331.832673720012,-35.7155630450782
-332.725128161643,-38.5328013954718
-333.642304757629,-41.3683957569424
-334.552515066028,-44.2049960336503
-335.467275610535,-46.9981341772423
-336.404368024601,-49.8347900822379
-337.329253059876,-52.643888476054
-338.270236549054,-55.4521973413818
-339.213368477104,-58.2790893872478
-340.154624398745,-61.0849056546675
-341.10194866488,-63.8904560307791
-342.060337819926,-66.7124194288297
-343.012038683029,-69.526898372465
-343.9754629637,-72.3554295886837
-344.926929669264,-75.1857896910613
-345.878919507117,-77.9977357501728
-346.837288794214,-80.8337839979533
-347.784932090747,-83.6475312211655
-348.7458695032,-86.4774267417385
-349.698731728274,-89.3221795779226
-350.642834512247,-92.1509876446313
-351.585790969275,-94.9844193772873
-352.526647005293,-97.8194233992706
-353.465394528983,-100.656843211414
-354.401587306576,-103.490308538272
-355.337329153155,-106.32643691277
-356.27113321919,-109.161254308166
-357.205667958028,-112.001222775742
-358.133491493924,-114.824041736976
-359.075540655032,-117.660815438236
-360.012061874022,-120.51103535122
-360.942739061922,-123.344163814912
-361.875273327883,-126.181724319882
-362.8079561619,-129.017884672185
-363.741411744655,-131.854136208175
-364.675969273191,-134.689903019981
-365.611770333068,-137.525287890773
-366.549146460826,-140.360026291103
-367.488423889853,-143.194447711878
-368.42919775845,-146.027082636658
-369.373880754521,-148.863047674777
-370.315341909917,-151.682761791815
-371.274192293697,-154.513656809453
-372.22997129394,-157.3556263981
-373.183726492839,-160.181136735201
-374.142960656348,-163.009315628956
-375.105028341377,-165.835290642199
-376.071542033852,-168.660046029471
-377.041523606542,-171.483508893379
-378.015480229681,-174.305615462276
-378.992549880365,-177.126626943845
-379.972650876293,-179.946612929005
-380.955649522252,-182.765493339624
-381.940745508183,-185.58401161263
-382.927778079171,-188.400486784494
-383.912147595463,-191.19569773661
-384.913597307549,-194.016323466266
-385.907927902721,-196.843418188689
-386.898069060586,-199.656651197092
-387.889768562181,-202.473456052929
-388.880748108062,-205.289407853782
-389.871156501567,-208.105848593444
-390.860697386418,-210.922534755933
-391.848706148768,-213.73968633204
-392.835304269994,-216.557652899727
-393.819441838088,-219.375241226082
-394.802552651883,-222.19779745853
-395.77776785748,-225.005885468385
-396.763736067107,-227.827382601352
-397.740851510769,-230.661596647474
-398.708295872996,-233.483544819938
-399.672562939398,-236.305494064034
-400.639599637991,-239.146420679538
-401.592737471835,-241.987346462988
-402.550936179601,-244.824438142063
-403.505975723865,-247.694827081851
-404.46335131101,-250.576467846725
-405.426138565427,-253.490214346005
-406.407397693558,-256.443312793733
-407.417806812991,-259.479557699618
-408.473779825029,-262.600858351307
-409.601847162095,-265.878284748336
-410.806434568963,-269.379938268357
-411.90179178349,-273.218163652904
-412.361854272339,-277.446506335166
-411.704624919789,-281.895512324806
-409.753832698695,-286.140642158079
-406.825777222699,-290.047713288331
-402.873788817296,-293.213324213782
-398.481989355928,-295.057789026385
-394.091903956133,-295.583023027533
-389.895653704418,-295.471722376079
-386.024662728046,-295.11289989954
-382.36109263763,-294.715289772592
-378.834836851872,-294.296334717887
-375.407410296067,-293.843092014738
-372.108090500425,-293.347319267194
-368.978459445647,-292.863221837468
-366.05024512512,-292.43107619617
-363.343669370582,-292.146795335923
-360.845745144037,-291.919490020016
-358.548907282009,-291.744964414686
-356.392226014629,-291.594392611082
-354.322503990892,-291.427338557921
-352.289515576995,-291.195764298397
-350.172606794523,-290.974056595827
-347.95681607004,-290.785143768687
-345.512992539095,-290.705177938844
-343.416686118296,-291.690330116735
-341.683735056529,-293.27703896969
-340.388315917177,-295.354109630963
-339.60905608074,-297.705674607647
-339.003147850426,-300.087454195354
-338.555985530118,-302.545306696681
-338.019139067474,-305.031316713509
-337.29582174027,-307.608803352652
-336.526311780792,-310.242595570606
-335.699387460184,-313.032749135053
-334.916022723268,-315.884771245295
-334.241848075119,-318.748285908937
-333.590560157948,-321.680517846212
-332.968714672051,-324.589034247087
-332.325507270468,-327.533719129547
-331.659437999572,-330.442991140034
-330.987156133769,-333.332561428046
-330.288348607991,-336.246088284776
-329.574138855188,-339.12377925204
-328.837335653512,-342.050263909428
-328.083357121188,-344.92502404208
-327.323241270667,-347.835918531285
-326.53421081036,-350.737586149997
-325.756543969791,-353.617869195167
-324.944272416055,-356.555852052215
-324.132002898941,-359.449913060205
-323.31772293398,-362.345564508598
-322.496428074159,-365.257177414183
-321.659562636588,-368.190602698284
-320.80888527342,-371.122341779614
-319.953266064379,-374.024510679149
-319.09409721734,-376.927001366139
-318.202558756135,-379.86203618333
-317.297615421449,-382.788683762301
-316.366051141468,-385.698456807581
-315.430487201604,-388.586203156179
-314.464779146758,-391.498676633611
-313.474230308075,-394.393668630324
-312.464104197585,-397.283421110104
-311.419015099143,-400.157680177705
-310.362602546509,-403.01796285679
-309.267334187541,-405.876587049192
-308.140485831822,-408.737583371915
-306.995691305744,-411.548065311377
-305.81064305891,-414.38753855651
-304.598337620212,-417.180858259048
-303.365544515419,-419.954444730772
-302.081148135886,-422.758486541163
-300.76764100495,-425.518928771634
-299.428260053872,-428.2648506478
-298.070259906411,-430.9848263616
-296.670139405478,-433.71709386473
-295.241138148659,-436.438296650323
-293.787389132494,-439.116182679902
-292.327486628773,-441.783418924096
-290.813178685632,-444.467984451641
-289.296324340075,-447.10821192629
-287.755967649615,-449.740379379331
-286.186536090997,-452.374833583615
-284.612246632674,-454.978460248679
-283.004624828039,-457.585020358967
-281.377850751701,-460.187148720161
-279.731421075242,-462.760955546266
-278.081999021852,-465.319007465608
-276.395349829577,-467.882547030506
-274.69292754831,-470.42726652709
-272.973863577074,-472.951389642747
-271.243865449596,-475.453842661305
-269.481140243356,-477.964588100551
-267.695649768098,-480.453337950819
-265.896850581334,-482.919799961904
-264.078687568086,-485.378053524168
-262.228124017343,-487.821068590097
-260.370914756857,-490.239461341888
-258.481839069358,-492.641641048926
-256.590136134568,-495.01896082687
-254.670463777999,-497.384920134636
-252.715763395456,-499.750278431139
-250.7361321799,-502.093466382541
-248.75365880466,-504.393532386865
-246.759902355773,-506.684729803246
-244.72612834437,-508.966710093104
-242.69468863352,-511.219127107559
-240.622675732083,-513.473564565773
-238.529109578472,-515.701960619774
-236.4568147811,-517.881051129198
-234.345499564118,-520.07918670719
-232.218065924881,-522.252438347245
-230.088346740685,-524.397936681757
-227.924835298489,-526.55119619042
-225.75918557716,-528.664824748549
-223.586170517414,-530.768900400531
-221.373478467135,-532.875365588585
-219.176650581261,-534.934405807264
-216.964183468432,-536.996136657544
-214.714858861614,-539.046219185787
-212.493481255211,-541.061656304721
-210.226807902972,-543.087841920371
-207.966575294529,-545.080850435772
-205.702016174064,-547.060704332825
-203.414004409846,-549.040553745353
-201.116786507157,-551.005694212625
-198.815652279622,-552.947936936766
-196.50264645782,-554.883524908808
-194.194620889353,-556.793546844986
-191.864985503539,-558.71675900387
-189.536763489765,-560.612282612008
-187.195990886226,-562.509871815957
-184.85703594537,-564.384847058507
-182.50208743231,-566.270922062149
-180.147655461913,-568.129099321555
-177.805301594299,-569.982207533709
-175.425558658271,-571.850956526509
-173.072012926847,-573.684548383582
-170.705647007999,-575.530657315548
-168.327753525198,-577.367306450889
-165.969925525289,-579.187906513786
-163.600393348445,-581.01949898067
-161.222493742747,-582.849614786908
-158.855445971851,-584.671088571955
-156.478679486422,-586.492965395666
-154.110285899488,-588.310241842094
-151.74124265795,-590.129975143101
-149.372835641899,-591.952153106227
-147.01100481592,-593.772733104956
-144.634411371267,-595.611818080429
-142.261969702788,-597.43664751659
-139.906766674715,-599.267457662171
-137.527199060358,-601.112389272582
-135.171025926181,-602.950923145995
-132.789416851919,-604.803725808607
-130.434855926221,-606.629633080628
-128.068271229214,-608.485767587025
-125.703576062082,-610.321076459855
-123.363141031996,-612.163510457023
-120.99682510712,-614.013496696165
-118.641879508176,-615.860574976658
-116.296854302883,-617.693645053144
-113.943574407083,-619.547012093793
-111.590039991126,-621.385758195189
-109.248778102182,-623.235654662351
-106.886748640643,-625.086249492933
-104.55061357194,-626.926369658005
-102.195978435518,-628.776840785477
-99.8519599810562,-630.621302657789
-97.5043431425185,-632.469918241158
-95.1592934891261,-634.316800332813
-92.8031179876464,-636.172588929502
-90.4560240265127,-638.012038409899
-88.1206329040401,-639.853137147851
-85.7609513527399,-641.71223400531
-83.415892022676,-643.550746177932
-81.0696946081751,-645.398984788248
-78.7090652288438,-647.24888363802
-76.3717980350351,-649.080422242287
-74.0221098360462,-650.931954161669
-71.663088445176,-652.780477748165
-69.3162458791355,-654.620457210292
-66.9654879872344,-656.46353978781
-64.616579632088,-658.306092314642
-62.2648851170079,-660.15126324321
-59.9181348280681,-661.993161313894
-57.5595520824656,-663.846210314915
-55.2083171478832,-665.683901611654
-52.8717291177244,-667.52208890078
-50.5115442751411,-669.379223470444
-48.1525384476792,-671.227175927972
-45.8164594676237,-673.059398165078
-43.4682148291092,-674.912963107715
-41.1102406411924,-676.766150553819
-38.7651138975643,-678.611109868963
-36.4176728026326,-680.460449885788
-34.0745735914065,-682.309012299302
-31.7173114749007,-684.170884370416
-29.3744352241926,-686.014163518875
-27.0328368440931,-687.870358600575
-24.6770435800564,-689.729340526208
-22.3376516215981,-691.579261092981
-19.9934073412889,-693.434567371985
-17.6538046585452,-695.288145873721
-15.2965772759814,-697.154903063676
-12.9552759724501,-699.000710837633
-10.6103062625648,-700.857811339587
-8.25347853423765,-702.714414771743
-5.89322364145661,-704.569474501468
-3.54291080304886,-706.406652736716
-1.19086654050077,-708.251044011301
1.18178991684532,-710.097871068836
3.53693864177262,-711.928379415687
5.91528607010601,-713.769728839692
8.28875238610748,-715.596288527863
10.6773918283484,-717.423771204355
13.0501794557735,-719.227401731243
15.4463306254429,-721.047650211581
17.8482017804284,-722.847941323774
20.2346679744511,-724.638565272873
22.6648016276613,-726.441973136623
25.0757193200819,-728.216332965918
27.5035949508033,-729.98932147896
29.9326457567787,-731.749771401511
32.3723061646592,-733.501719258302
34.8215894190238,-735.244412930731
37.2739314727911,-736.975826007545
39.7533023577153,-738.705838926958
42.2209779928801,-740.408725589126
44.7017575507721,-742.104524723723
47.2025644169591,-743.798069976061
49.7157935863348,-745.469449213133
52.2181849330201,-747.118715946993
54.7366534932057,-748.763437792609
57.2542961458712,-750.390337852708
59.80115073847,-752.026943653656
62.3339796588253,-753.624291828573
64.8732325806284,-755.231286146228
67.4395889956121,-756.823624420439
69.9872817696319,-758.401989598698
72.5492046835211,-759.969174277629
75.1125202346465,-761.53393225504
77.6805131081938,-763.086638827007
80.2538521472233,-764.638146088472
82.8313669976564,-766.179957708351
85.4064998207803,-767.715994430069
88.0040258764727,-769.256923412745
90.5867695305763,-770.774447590047
93.1766903155862,-772.297196968484
95.7649023396726,-773.809009899739
98.3474177194977,-775.321535465965
100.961521650077,-776.844377137344
103.560419242263,-778.346871042489
106.146843580596,-779.848616784729
108.760232054356,-781.358786673227
111.361814052647,-782.851238329976
113.960187526379,-784.34119070385
116.600332257323,-785.840268634239
119.219966127415,-787.306176652757
121.849463730751,-788.767430277908
124.49510450915,-790.221530880444
127.144706027417,-791.656837956512
129.812871955043,-793.081075208142
132.490920355896,-794.475287995761
135.164897531497,-795.849639631033
137.866600475809,-797.213001803359
140.575635090425,-798.547000309589
143.308132360868,-799.866106186664
146.035925722058,-801.150140770751
148.779771471618,-802.426636437957
151.541447284409,-803.680971546883
154.292125985114,-804.910785548431
157.065997794934,-806.135826371462
159.823700059917,-807.336978916265
162.580776190998,-808.5350327371
165.353745367972,-809.727659109976
168.123251230429,-810.916826743028
170.890904540655,-812.09315938514
173.633890985016,-813.261318077663
176.380812306682,-814.44451970374
179.139340759363,-815.626876177658
181.87688039104,-816.808178144509
184.614584580982,-818.001516207015
187.347305273541,-819.20324630817
190.073595264056,-820.417433255907
192.79872614916,-821.643826344496
195.505174902541,-822.874713033934
198.218123122705,-824.130291323338
200.938733655394,-825.387904303925
203.64253974608,-826.646799244347
206.346166502574,-827.911538795725
209.053103382425,-829.183370556441
211.763915583103,-830.456056297253
214.45860869096,-831.728281745366
217.159443334417,-833.004380086287
219.858876134578,-834.278856628766
222.559571327852,-835.551818787105
225.261373053641,-836.821988847246
227.965310807214,-838.08752761905
230.67138319301,-839.348324722215
233.380707533029,-840.601922186118
236.093431154547,-841.8480573852
238.810072115458,-843.085318349047
241.531872138504,-844.311961854074
244.255985038032,-845.530542016802
246.988295346099,-846.741963232133
249.708156818299,-847.940172804728
252.442892508188,-849.147765714931
255.191578158811,-850.346079769773
257.926803009526,-851.534126838521
260.667025391483,-852.721030915157
263.407566720092,-853.907310877687
266.144457536411,-855.091610105173
268.895580004901,-856.284201036212
271.632133030775,-857.46340015213
274.362866352765,-858.654471144646
277.108018034398,-859.853678137551
279.840637865153,-861.05964137856
282.584143457329,-862.269585595601
285.311508069333,-863.481942673043
288.03258980189,-864.711300985964
290.778470471804,-865.963229764563
293.535574588243,-867.228995888847
296.295051371453,-868.508802123918
299.072500809481,-869.817824299943
301.860001854662,-871.143728099462
304.658231919462,-872.490128313833
307.499643731051,-873.839623294275
310.383053800111,-875.158670949629
313.306770117971,-876.430868197335
316.285384297494,-877.632927043222
319.327188781924,-878.691804379781
322.426237375484,-879.646689718543
325.579141589398,-880.432801421343
328.781153808267,-881.072959126408
332.012430090295,-881.540239713838
335.256006677622,-881.797363909641
338.552349401984,-881.899266680576
341.832086051761,-881.774518713415
345.114480472646,-881.49212020237
348.367020488712,-881.015585154178
351.586593136157,-880.377690742372
354.805896692863,-879.615317867343
357.962436265218,-878.725057420761
361.099572428351,-877.737087223643
364.187911099855,-876.653628714998
367.233611351322,-875.479026965141
370.261383439381,-874.232422949853
373.26170932528,-872.902935430351
376.208701398219,-871.50116665129
379.138448522622,-870.057201913154
382.078412210415,-868.488553569792
384.945909253179,-866.83925256935
387.758294378301,-865.07107667293
390.476196552613,-863.086873214365
393.058369375323,-860.941052492137
395.48609221157,-858.625771989706
397.633908708582,-856.048432126092
399.602922946196,-853.369982125422
401.41270973301,-850.593602601468
402.96536865797,-847.659467860004
404.408437351438,-844.677233049464
405.692809052202,-841.681573828049
406.836985911221,-838.639569671714
407.900053352612,-835.581105302177
408.8603681853,-832.524993996573
409.741530798157,-829.443727708904
410.561581114956,-826.351408252825
411.252721740084,-823.256751262357
411.868186836226,-820.130553307477
412.369149186601,-816.997988529357
412.754452178388,-813.852170135943
413.019649316779,-810.683252517889
413.166075521098,-807.532578222496
413.167448364488,-804.361913598216
413.074698396512,-801.194060311754
412.866742161548,-798.060311322584
412.550196013476,-794.908570517589
412.145401606094,-791.775605064711
411.652244002865,-788.659299673931
411.067431597765,-785.531652340017
410.419589423227,-782.438356482365
409.653852369274,-779.346600106653
408.829635980786,-776.273219926433
407.884958368032,-773.202576140426
406.849275599147,-770.199067378418
405.739106442595,-767.19181227381
404.446791215927,-764.237929616258
403.08724745935,-761.337696468253
401.62036710767,-758.487904212358
400.019844348325,-755.687155351905
398.358712738171,-752.932447372476
396.539935315208,-750.265122124524
394.671802158357,-747.669473489597
392.688821625365,-745.107904778159
390.587491725417,-742.646230457019
388.459696843476,-740.252707058125
386.178942551172,-737.959522883648
383.836888294508,-735.72646978702
381.427603548396,-733.604661069141
378.94788523516,-731.572961293601
376.403724562058,-729.585060347989
373.783520060624,-727.72532663599
371.11730353032,-725.907936665801
368.41176313061,-724.183614252966
365.673178454509,-722.531282444921
362.892897407197,-720.923364897468
360.054957632809,-719.429687705718
357.183411724203,-717.992695800757
354.242345835129,-716.674856928711
351.293617273218,-715.475086623773
348.274484019342,-714.377283689228
345.210826353529,-713.461069912804
342.137478133075,-712.648780210794
338.988865345923,-711.998083238828
335.871159105463,-711.470727413098
332.727797309411,-711.021306981573
329.569728045129,-710.699905375917
326.433515798076,-710.418626401145
323.294282040303,-710.217569945408
320.200179557133,-710.043338882817
317.102834956327,-709.892917220282
314.031435843981,-709.748034698765
310.960337324472,-709.605961977556
307.93955595726,-709.452085047205
304.926285828554,-709.28562337648
301.918363082108,-709.107409699542
298.92383594227,-708.922429711913
295.948191619804,-708.724007671981
292.970287766356,-708.513447313553
289.993480429079,-708.297037350921
287.017062915333,-708.069732620208
284.040790464639,-707.839531501388
281.065162108995,-707.601854164438
278.088680077308,-707.361927853771
275.103130806909,-707.118846983492
272.128440716541,-706.874710626015
269.152773659008,-706.629920980038
266.177319357887,-706.386644919956
263.201666488677,-706.144259495135
260.226069513308,-705.906583843314
257.249304190225,-705.670247511506
254.263232124927,-705.437353260515
251.287862346455,-705.205798554948
248.311709814994,-704.975603876602
245.334319838468,-704.746043829782
242.36250728308,-704.516784099127
239.369415698648,-704.285392501689
236.392116362524,-704.064337341392
233.423525646253,-703.831464848265
230.443711849393,-703.595665183563
227.469352335934,-703.356453625607
224.49213389297,-703.114084363254
221.521916222922,-702.869187848647
218.527172636093,-702.620986313025
215.554717007445,-702.382557854064
212.573248631338,-702.134683038037
209.578800231713,-701.895328782399
206.607102586897,-701.659336401898
203.634669321069,-701.4250109729
200.641360367656,-701.191648902426
197.643283198778,-700.974176502103
194.655942850386,-700.757056010697
191.661488067666,-700.560451019038
188.687994494931,-700.365572134664
185.699605874914,-700.185394695706
182.720024360086,-700.013072928466
179.750820445877,-699.858623933766
176.812817385838,-699.71129891587
173.878917748917,-699.565017524227
170.944526398448,-699.41901903843
168.047543426504,-699.283034630151
165.172511335603,-699.13243601243
162.287885658972,-698.975973666011
159.422104403986,-698.800753654146
156.551281247983,-698.609091270675
153.673537344527,-698.393202271485
150.801339695542,-698.153328690093
147.919334763503,-697.8855800278
145.054373957238,-697.584028035586
142.182184154745,-697.244004243306
139.280324349324,-696.85121057697
136.417893735929,-696.443912855722
133.576800851779,-695.935029128637
130.69778729045,-695.390163522824
127.878091012727,-694.731891350468
125.069628956027,-694.01047621551
122.298245838983,-693.144133333964
119.554064667537,-692.198940700482
116.888488225025,-691.085055908291
114.241794386752,-689.860077439014
111.666219797057,-688.504533604147
109.145227023078,-687.074615892358
106.660815700321,-685.585300310674
104.193866105817,-684.060235235655
101.723178468439,-682.523554728625
99.3105902587543,-680.998169385692
96.8875476612219,-679.448233605509
94.4632866630313,-677.895206972419
92.0679208472431,-676.348463471092
89.662766548722,-674.791485089958
87.2480622234086,-673.226927131547
84.8343868529601,-671.670482031239
82.4133016855057,-670.103016769267
79.922017338972,-668.495327868238
77.4112705148139,-666.89341933397
74.8612614066976,-665.267579630373
72.307797897284,-663.663841560108
69.7535443213778,-662.050759178211
67.1955461117803,-660.44840223422
64.6574931893356,-658.849993772472
62.1143916507733,-657.251658798335
59.5939634912389,-655.657824625895
57.0725707527236,-654.057101563649
54.5594292298315,-652.443020305356
52.0546605552333,-650.825607723596
49.5444440640176,-649.177507745537
47.0519727952116,-647.534914627617
44.6017806746604,-645.884861151328
42.1362428808834,-644.209141190747
39.6880375151465,-642.548040839766
37.2937603153243,-640.940788181356
34.9322473250789,-639.362814972277
32.5936179348441,-637.851455776242
30.2564592029255,-636.357949635859
27.8870026636155,-634.914474029368
25.5168634081319,-633.495873674785
23.1501355725534,-631.995433190448
20.7912170359728,-630.450749498267
18.57963571739,-628.724442422624
16.4409340690845,-626.871495933021
14.514905300972,-624.843536278212
12.7046223001812,-622.71739019723
11.0530370132528,-620.450531495336
9.4898677815177,-618.129207227941
8.06931656768398,-615.726519322761
6.74869218895915,-613.270577513027
5.58900839677265,-610.716780578159
4.55723500436927,-608.106892645677
3.70259323418621,-605.447515902542
2.96692101106209,-602.743815062722
2.33412285334623,-600.015825152548
1.76446111019652,-597.275477797901
1.22866209370276,-594.516113198912
0.680410149727826,-591.72484216498
0.114282016073713,-588.870661483949
-0.490999840582555,-585.979273067391
-1.1124874473072,-583.068439082507
-1.75767172176516,-580.150591023718
-2.41286318034116,-577.227664978835
-3.07930113131848,-574.30096693171
-3.75193293599364,-571.366627363304
-4.42820484903504,-568.433788149872
-5.10351372993106,-565.497819043989
-5.77592400379254,-562.558241826287
-6.44031231184632,-559.61173156511
-7.09415778860907,-556.67708517011
-7.73496234748622,-553.744853752548
-8.35884258523182,-550.81546656433
-8.96979711408361,-547.886281613745
-9.55601260973258,-544.964433516056
-10.1314626600964,-542.032845580168
-10.6830480787518,-539.094391719709
-11.2266123001189,-536.154785078394
-11.7906813437487,-533.21298389284
-12.3791212115824,-530.292051214549
-13.0445926171437,-527.386148454856
-13.8251641562499,-524.495337254282
-14.6718762161967,-521.663918415792
-15.3546245851795,-518.874426392868
-15.8905144915224,-516.218782536726
-16.1562853093851,-513.721304705347
-16.31777619588,-511.307386899197
-16.4405184412448,-509.003076737467
-16.0642033785571,-506.87215717185
-15.3987629812554,-504.84431801637
-14.7177385560289,-502.837763407317
-13.7273890318443,-500.821251155912
-11.968167542517,-499.264438702633
-10.0415440462552,-497.866654665415
-7.80200211469916,-496.916207466919
-5.47866095439062,-496.1479454882
-3.04789936351852,-495.563663643887
-0.487409365358386,-495.095978317114
2.18070836356446,-494.738626065787
4.974416711551,-494.460850503638
7.86433676281337,-494.192111012612
10.7973280633668,-493.913707019576
13.7582653035624,-493.586506423479
16.7287062404503,-493.231773779645
19.6724428579638,-492.8386558193
22.6309579537654,-492.436290213751
25.6017529986533,-491.997024378898
28.5563891713002,-491.545255298401
31.4942842628749,-491.082849216504
34.446214566687,-490.620753868779
37.4130352958132,-490.144187401654
40.3573015436495,-489.670932926178
43.32386876099,-489.201214042991
46.2768843081495,-488.738508338074
49.2667807124829,-488.294506811791
52.2749238012886,-487.849304295676
55.3278973231236,-487.437800204066
58.4523061842054,-487.025679099287
61.6488164335744,-486.660743386109
64.9384766688856,-486.281617470121
68.3099932566618,-485.89276165046
71.7926747099666,-485.362247294094
75.3090914215573,-484.699813611008
78.8911541742854,-483.77084861039
82.4193955873314,-482.437038161857
85.8618780335264,-480.808134925166
89.1192666193213,-478.719126651905
92.0160750897435,-476.235281121722
94.5693068340472,-473.436216695043
96.6536873158271,-470.27354242571
98.3460725524921,-466.926683608645
99.4668253126621,-463.379399527216
100.222066617448,-459.733973880501
100.695791930142,-456.111968312931
100.878648746619,-452.546511139813
100.983533905646,-449.069425409045
101.001821004987,-445.678981975953
100.964134281857,-442.357086973284
100.918690709988,-439.110880228745
100.880673926343,-435.931918503561
100.868337692909,-432.815263839277
100.875709250224,-429.743182039112
100.911677824189,-426.724712799439
100.95559994023,-423.720766949127
101.015799653278,-420.74185846936
101.076985946685,-417.761899622187
101.138499790821,-414.801931777296
101.196450083707,-411.839851320823
101.248029447354,-408.888892552904
101.295195885491,-405.929837375616
101.340615007143,-402.975569362136
101.388357526651,-400.000066107248
101.436814401789,-397.020654896291
101.49485980373,-394.015647950142
101.562196264331,-390.979189291164
101.645643394427,-387.860376265854
101.750714342714,-384.660213175521
101.867212809544,-381.355811925085
101.940758730711,-377.950413361235
101.925532557969,-374.449076440458
101.813417713843,-370.838523583122
101.412554070849,-367.139531959261
100.696162239302,-363.368622188001
99.6280759477653,-359.567016966853
98.0052352803937,-356.045739009601
95.9506178554677,-352.780425256721
93.431699502884,-349.890528373893
90.4762959970836,-347.500367517191
87.2838371090968,-345.467978437873
83.8784058497849,-343.972918754801
80.3180774454084,-342.842046905928
76.7650920586918,-342.002097906246
73.2577609006243,-341.428985326802
69.8083438076323,-340.993209627525
66.4378798860218,-340.591087570762
63.1552652206028,-340.197138135244
59.9683950956172,-339.785136608481
56.7942287642274,-339.367969951231
53.6571119575178,-338.989049191339
50.5447429528547,-338.643949200483
47.4266571029489,-338.359811329074
44.3211187778867,-338.15392575818
41.2290297364614,-338.001049396726
38.1383548826019,-337.914928500454
35.0555598047756,-337.890004837369
31.979690411038,-337.92261113848
28.9184140135999,-338.033585934934
25.8476037384696,-338.186987740109
22.8084837877434,-338.41751300522
19.7860950384331,-338.679606752711
16.7419798433968,-339.003623788631
13.7421221380468,-339.376097844047
10.731924596851,-339.774978823645
7.74636454840195,-340.226058250611
4.7604565334372,-340.684200234223
1.7758539443305,-341.18146453692
-1.18917768278772,-341.683592698057
-4.16426958415719,-342.204437644475
-7.10545204516244,-342.72342179715
-10.0658457603409,-343.234933091053
-13.0309544398931,-343.750401365006
-15.9648155997459,-344.24767336516
-18.927045931631,-344.729456620443
-21.8712346984418,-345.206248458534
-24.8187849492822,-345.659749045204
-27.7839449923089,-346.114467888804
-30.7325724684779,-346.558235475115
-33.6891573919981,-346.990793695936
-36.6445487939854,-347.418251078594
-39.6017974907606,-347.834598598672
-42.5636900438566,-348.247628140194
-45.5085289844492,-348.650329154553
-48.4692422243904,-349.040729151358
-51.4445002347052,-349.439243235969
-54.4016540849549,-349.830295364653
-57.3653133742877,-350.220236762625
-60.3277708160081,-350.607306187826
-63.2885080508842,-350.994190865374
-66.255748227491,-351.38310694135
-69.2011891556345,-351.77110910613
-72.1628075694837,-352.155374707559
-75.1395198588009,-352.558792238326
-78.0936655731782,-352.963434827503
-81.0533356117427,-353.38099600322
-84.0082577289901,-353.803103894784
-86.9664499331881,-354.243801568699
-89.9001118269591,-354.688884694452
-92.8558940130988,-355.147450746097
-95.7936628524947,-355.63086712123
-98.7036117640282,-356.110607569936
-101.661282083305,-356.624257003869
-104.576512457408,-357.148688554304
-107.472534177331,-357.674796690573
-110.406641814171,-358.208274035805
-113.325950499206,-358.752398227006
-116.259926043405,-359.291682345018
-119.18660199916,-359.830967597437
-122.111096951947,-360.351161970703
-125.079778772018,-360.869370721336
-128.017566025996,-361.371869579504
-130.953441399538,-361.854385605284
-133.904368434015,-362.298858784957
-136.860121400378,-362.730880821914
-139.820046353224,-363.1216884599
-142.766815122722,-363.488821570672
-145.690410201748,-363.808521952547
-148.579676452899,-364.077858381882
-151.457858812951,-364.307750936437
-154.317425794989,-364.479673889324
-157.143098233715,-364.62422026048
-159.954995371006,-364.679933942786
-162.758336358567,-364.713337807111
-165.577392101382,-364.641177202923
-168.354711640515,-364.551932858664
-171.125372924134,-364.331942227403
-173.927012461727,-364.08220432505
-176.685098388989,-363.723482033512
-179.41356453212,-363.314736491054
-182.159035477612,-362.796831862232
-184.898221120852,-362.243512606785
-187.582719749356,-361.607652280074
-190.26792906261,-360.889152483453
-192.951580396947,-360.063763682853
-195.567557688951,-359.1383219655
-198.119478965576,-358.051803458571
-200.603139394959,-356.805052630654
-202.996521500979,-355.382386162004
-205.300307646073,-353.834206928434
-207.514597923952,-352.139461151554
-209.671509367914,-350.357690054589
-211.705686183256,-348.50100265051
-213.709659565908,-346.549472871996
-215.646454688803,-344.538772778104
-217.476990229277,-342.502680805053
-219.256342041367,-340.3677743756
-220.964946231433,-338.198011734604
-222.58541970566,-335.973856163841
-224.163387633097,-333.67732053918
-225.65383768402,-331.379770571111
-227.090171988114,-329.008924936663
-228.508660986679,-326.594159558623
-229.866947374632,-324.150067040691
-231.225895029244,-321.639960386047
-232.578865081198,-319.056943466024
-233.946460862093,-316.429312161815
-235.304514441844,-313.790515609114
-236.666994826969,-311.133598784743
-238.054870043789,-308.466881135511
-239.449500909261,-305.82451056021
-240.872593717001,-303.178039983932
-242.3150802527,-300.555608043865
-243.767475015458,-297.934669481149
-245.244259123995,-295.318936623926
-246.715155730567,-292.714972394639
-248.198185658165,-290.105853300095
-249.688563048304,-287.49133086841
-251.181016170472,-284.876774256197
-252.653078022388,-282.28204858827
-254.118550575111,-279.671091678916
-255.575926491967,-277.045453047386
-257.008663805441,-274.436184197787
-258.440717985585,-271.785903757575
-259.871517619443,-269.150153289166
-261.278445277945,-266.530946115851
-262.683431689205,-263.91084441488
-264.085033440876,-261.30160031053
-265.483632950223,-258.702831790416
-266.868098277227,-256.136644177097
-268.263461158947,-253.560812752148
-269.665364833035,-250.998834637677
-271.08404593042,-248.440743298506
-272.507310685315,-245.904314181475
-273.946730327132,-243.357029634473
-275.400767032608,-240.809669665933
-276.840661462677,-238.284639077509
-278.278452545666,-235.715222855801
-279.701017410848,-233.146398837055
-281.060991494887,-230.56293371164
-282.397450653747,-227.966041512913
-283.621659902574,-225.330396489175
-284.806231001243,-222.668274156299
-285.863347405127,-219.964220227768
-286.840713968123,-217.231571789341
-287.665942148135,-214.481935145016
-288.364314469654,-211.692643458733
-288.949449501469,-208.874115447663
-289.40115084592,-206.083094683131
-289.790088266748,-203.28411778655
-290.099246413042,-200.527230094549
-290.38082150904,-197.815693379184
-290.636719385969,-195.16781200191
-290.879956227248,-192.582341073786
-291.151358098659,-190.086956132847
-291.417672267617,-187.639135261995
-291.696872050747,-185.237366881617
-291.984806203115,-182.79210021508
-292.07480093088,-180.277009592896
-291.874768166191,-177.844311186492
-291.369900467838,-175.424120095816
-290.170275866734,-173.276757298215
-288.784812193019,-171.222938577509
-286.852262484977,-169.617146926232
-284.774532510442,-168.202449326418
-282.514174724561,-167.081515100672
-280.168392530963,-166.233241910583
-277.707854470788,-165.67996399924
-275.204471820626,-165.361959255737
-272.661878262518,-165.161200726313
-270.116443658617,-165.059594203733
-267.538419544273,-164.944830201008
-264.848254351377,-164.78152626932
-262.065631215035,-164.566957384484
-259.185175053629,-164.280062968706
-256.256696868068,-163.947737242113
-253.315328044825,-163.574020786291
-250.329303105507,-163.158417229317
-247.385349015237,-162.711505398598
-244.438769825916,-162.246337295802
-241.482279719846,-161.758883218666
-238.536601776914,-161.267420297568
-235.584051966349,-160.763471315545
-232.672532281118,-160.276200203278
-229.696145868842,-159.788745098266
-226.748105430335,-159.307502336914
-223.793852383666,-158.847310425761
-220.84551111175,-158.388752873723
-217.892622058234,-157.953226992291
-214.943038569247,-157.515074777398
-211.979171861775,-157.09656093687
-209.02162464391,-156.67332665294
-206.067383799675,-156.267062941933
-203.109825571999,-155.854814045152
-200.158781041525,-155.456715866424
-197.183606457054,-155.049751611212
-194.255192346238,-154.658016186917
-191.268027443354,-154.259003607511
-188.318746045623,-153.853551180636
-185.363151765599,-153.45487740194
-182.39773736572,-153.043404013315
-179.43894640246,-152.638680955108
-176.484704879051,-152.221409172385
-173.528757746404,-151.811804484051
-170.576968108824,-151.38919828592
-167.612675493723,-150.974763235516
-164.65556019725,-150.547148481631
-161.703882585967,-150.128710319967
-158.744825484139,-149.697219522768
-155.81111008221,-149.278554811098
-152.825682200669,-148.850737866845
-149.881449998196,-148.416492142155
-146.925587583375,-147.989964094447
-143.976065500467,-147.552827695596
-141.013268705318,-147.124671908037
-138.058164546365,-146.685417606688
-135.106537994771,-146.256301257066
-132.15318079389,-145.816461622056
-129.203554553083,-145.387094382725
-126.240588930539,-144.947203715178
-123.287460716709,-144.51749402883
-120.328607817524,-144.077359417869
-117.401981296063,-143.65198786369
-114.425185652952,-143.220819952625
-111.469525989996,-142.784475585038
-108.512264633749,-142.357569316106
-105.560571719068,-141.922073373844
-102.6068056669,-141.497625123637
-99.6549751922608,-141.064026817913
-96.6959414102157,-140.641989657361
-93.7394032922965,-140.210467708052
-90.7841057271306,-139.790715547237
-87.827736391054,-139.361835667411
-84.8735283010034,-138.944640456867
-81.910767928022,-138.517973532446
-78.9787585497576,-138.106183675696
-75.9979143353311,-137.690480689281
-73.0476691492669,-137.269433884919
-70.0889369864215,-136.859830837899
-67.1322553264346,-136.441495250053
-64.1747184314897,-136.035268939229
-61.2171194930932,-135.620748342794
-58.2592893991508,-135.217811253009
-55.3011155688362,-134.807350600877
-52.3429518424317,-134.408000007843
-49.3838125735425,-134.001852241385
-46.4266231603104,-133.60705999575
-43.4613048191735,-133.204160125776
-40.5246427859825,-132.816680021324
-37.5421951528218,-132.425770353221
-34.588190841794,-132.031362244984
-31.6257728342348,-131.651632818771
